date,T_Occupancy,T_time
30-03-2022,3,9:39:59
30-03-2022,1,9:40:07
30-03-2022,2,9:40:27
30-03-2022,2,9:40:31
30-03-2022,1,9:40:34
30-03-2022,2,9:40:38
30-03-2022,2,9:40:38
30-03-2022,1,9:40:43
30-03-2022,2,9:40:46
30-03-2022,1,9:40:49
30-03-2022,2,9:40:51
30-03-2022,1,9:42:44
30-03-2022,3,9:42:45
30-03-2022,1,9:42:48
30-03-2022,3,9:42:51
30-03-2022,1,9:43:48
30-03-2022,2,9:43:53
30-03-2022,2,9:43:58
30-03-2022,2,9:44:12
30-03-2022,1,9:44:15
30-03-2022,3,9:44:16
30-03-2022,1,9:44:17
30-03-2022,3,9:44:24
30-03-2022,3,9:44:27
30-03-2022,3,9:44:31
30-03-2022,1,9:44:33
30-03-2022,3,9:44:43
30-03-2022,3,9:44:46
30-03-2022,3,9:44:48
30-03-2022,1,9:44:55
30-03-2022,3,9:44:55
30-03-2022,5,9:44:58
30-03-2022,0,9:44:58
30-03-2022,4,9:45:12
30-03-2022,3,9:45:16
30-03-2022,1,9:45:16
30-03-2022,1,9:45:38
30-03-2022,1,9:45:41
30-03-2022,1,9:45:44
30-03-2022,5,9:47:38
30-03-2022,5,9:47:52
30-03-2022,5,9:48:07
30-03-2022,4,9:48:10
30-03-2022,5,9:48:15
30-03-2022,3,9:48:31
30-03-2022,5,9:48:34
30-03-2022,7,9:48:54
30-03-2022,6,9:48:58
30-03-2022,6,9:49:01
30-03-2022,5,9:49:05
30-03-2022,7,9:49:08
30-03-2022,5,9:49:25
30-03-2022,4,9:49:52
30-03-2022,5,9:49:55
30-03-2022,5,9:50:18
30-03-2022,5,9:50:54
30-03-2022,6,9:50:57
30-03-2022,6,9:51:07
30-03-2022,1,9:51:27
30-03-2022,3,9:52:04
30-03-2022,6,9:52:17
30-03-2022,3,9:52:25
30-03-2022,5,9:52:27
30-03-2022,5,9:52:58
30-03-2022,4,9:53:06
30-03-2022,6,10:24:25
30-03-2022,5,10:26:18
30-03-2022,6,10:29:44
30-03-2022,5,10:30:05
30-03-2022,4,10:34:30
30-03-2022,1,10:37:39
30-03-2022,4,10:38:36
30-03-2022,4,10:39:20
30-03-2022,7,10:41:13
30-03-2022,5,10:41:40
30-03-2022,5,10:42:28
30-03-2022,2,10:55:18
30-03-2022,1,10:55:37
30-03-2022,3,10:57:13
30-03-2022,2,10:57:41
30-03-2022,5,11:07:01
30-03-2022,2,11:07:23
30-03-2022,1,11:14:37
30-03-2022,1,11:15:17
30-03-2022,1,11:15:43
30-03-2022,2,11:15:49
30-03-2022,3,11:18:17
30-03-2022,4,11:18:57
30-03-2022,1,11:20:17
30-03-2022,1,11:20:31
30-03-2022,2,11:20:44
30-03-2022,1,11:21:27
30-03-2022,1,11:22:04
30-03-2022,0,11:22:12
30-03-2022,2,11:22:37
30-03-2022,2,11:22:58
30-03-2022,3,11:24:41
30-03-2022,2,11:26:25
30-03-2022,1,11:27:29
30-03-2022,1,11:27:34
30-03-2022,1,11:27:43
30-03-2022,1,11:27:54
30-03-2022,1,11:28:03
30-03-2022,1,11:28:41
30-03-2022,1,11:29:34
30-03-2022,1,11:30:02
30-03-2022,1,11:30:23
30-03-2022,1,11:30:51
30-03-2022,1,11:30:59
30-03-2022,2,11:31:17
30-03-2022,1,11:31:23
30-03-2022,2,11:31:32
30-03-2022,1,11:31:39
30-03-2022,1,11:31:55
30-03-2022,0,11:32:03
30-03-2022,1,11:32:56
30-03-2022,2,11:32:58
30-03-2022,3,11:33:16
30-03-2022,2,11:33:20
30-03-2022,5,11:34:06
30-03-2022,0,11:34:08
30-03-2022,3,11:36:20
30-03-2022,5,11:36:29
30-03-2022,3,11:36:49
30-03-2022,3,11:37:45
30-03-2022,3,11:37:57
30-03-2022,4,11:38:49
30-03-2022,5,11:41:24
30-03-2022,4,11:42:02
30-03-2022,4,11:44:36
30-03-2022,2,11:44:50
30-03-2022,3,11:44:56
30-03-2022,1,11:45:15
30-03-2022,1,11:45:38
30-03-2022,1,11:45:43
30-03-2022,3,11:45:50
30-03-2022,1,11:45:54
30-03-2022,2,11:46:16
30-03-2022,2,11:46:36
30-03-2022,2,11:47:01
30-03-2022,2,11:49:04
30-03-2022,1,11:49:08
30-03-2022,2,11:49:14
30-03-2022,1,11:49:19
30-03-2022,1,11:49:26
30-03-2022,1,11:49:30
30-03-2022,1,11:49:34
30-03-2022,6,11:49:58
30-03-2022,5,11:51:48
30-03-2022,3,11:51:49
30-03-2022,3,11:52:05
30-03-2022,7,11:52:12
30-03-2022,3,11:52:50
30-03-2022,3,11:52:54
30-03-2022,3,11:52:58
30-03-2022,3,11:53:03
30-03-2022,4,11:57:27
30-03-2022,3,11:57:56
30-03-2022,2,11:59:04
30-03-2022,2,11:59:18
30-03-2022,4,12:01:40
30-03-2022,4,12:02:03
30-03-2022,1,12:02:10
30-03-2022,2,12:02:13
30-03-2022,7,12:02:13
30-03-2022,2,12:02:19
30-03-2022,5,12:02:34
30-03-2022,0,12:02:53
30-03-2022,2,12:03:21
30-03-2022,5,12:03:28
30-03-2022,2,12:03:42
30-03-2022,4,12:04:01
30-03-2022,2,12:05:29
30-03-2022,3,12:05:43
30-03-2022,2,12:05:57
30-03-2022,3,12:06:09
30-03-2022,2,12:06:23
30-03-2022,1,12:06:33
30-03-2022,3,12:08:31
30-03-2022,4,12:10:20
30-03-2022,1,12:11:30
30-03-2022,1,12:11:44
30-03-2022,0,12:12:03
30-03-2022,2,12:31:05
30-03-2022,1,12:31:08
30-03-2022,4,12:37:45
30-03-2022,3,12:37:56
30-03-2022,3,12:46:46
30-03-2022,1,12:46:47
30-03-2022,4,13:06:37
30-03-2022,5,13:07:25
30-03-2022,8,13:07:37
30-03-2022,5,13:09:06
30-03-2022,4,13:14:00
30-03-2022,5,13:14:27
30-03-2022,4,13:14:32
30-03-2022,3,13:15:33
30-03-2022,4,14:13:39
30-03-2022,1,14:13:48
30-03-2022,1,14:21:17
30-03-2022,1,14:21:26
30-03-2022,4,14:23:33
30-03-2022,2,14:23:45
30-03-2022,2,14:24:59
30-03-2022,2,14:28:14
30-03-2022,3,14:29:20
30-03-2022,1,14:38:59
30-03-2022,1,14:39:16
30-03-2022,3,14:48:00
30-03-2022,3,14:48:19
30-03-2022,1,14:56:57
30-03-2022,1,14:57:00
30-03-2022,1,14:57:06
30-03-2022,1,14:57:20
30-03-2022,1,14:57:33
30-03-2022,1,14:57:47
30-03-2022,1,14:57:52
30-03-2022,1,14:57:57
30-03-2022,1,15:00:25
30-03-2022,1,15:00:30
30-03-2022,1,15:00:41
30-03-2022,1,15:03:56
30-03-2022,1,15:04:02
30-03-2022,1,15:04:12
30-03-2022,5,15:06:09
30-03-2022,2,15:06:45
30-03-2022,4,15:07:29
30-03-2022,5,15:07:56
30-03-2022,2,15:10:39
30-03-2022,1,15:10:51
30-03-2022,5,15:29:06
30-03-2022,4,15:29:18
30-03-2022,5,15:30:52
30-03-2022,5,15:35:56
30-03-2022,1,15:42:26
30-03-2022,1,15:42:39
30-03-2022,3,15:42:39
30-03-2022,2,15:42:46
30-03-2022,4,15:42:49
30-03-2022,2,15:42:52
30-03-2022,1,15:43:07
30-03-2022,3,15:43:07
30-03-2022,1,15:43:15
30-03-2022,4,15:43:38
30-03-2022,2,15:43:47
30-03-2022,3,15:43:49
30-03-2022,2,15:44:08
30-03-2022,2,15:44:13
30-03-2022,3,15:44:15
30-03-2022,2,15:44:31
30-03-2022,3,15:44:32
30-03-2022,2,15:44:42
30-03-2022,2,15:44:47
30-03-2022,2,15:45:08
30-03-2022,2,15:45:13
30-03-2022,2,15:45:14
30-03-2022,3,15:45:19
30-03-2022,2,15:45:20
30-03-2022,1,15:45:25
30-03-2022,2,15:45:42
30-03-2022,2,15:45:50
30-03-2022,2,15:46:14
30-03-2022,2,15:46:22
30-03-2022,4,15:46:26
30-03-2022,2,15:46:29
30-03-2022,5,15:46:33
30-03-2022,2,15:46:36
30-03-2022,2,15:46:40
30-03-2022,2,15:46:48
30-03-2022,2,15:46:55
30-03-2022,6,15:46:58
30-03-2022,2,15:47:08
30-03-2022,2,15:47:19
30-03-2022,2,15:47:28
30-03-2022,4,15:47:57
30-03-2022,1,9:38:36
30-03-2022,1,9:38:36
30-03-2022,2,9:38:41
30-03-2022,1,9:38:42
30-03-2022,0,9:38:44
30-03-2022,1,9:38:46
30-03-2022,1,9:38:49
30-03-2022,1,9:38:49
30-03-2022,2,9:38:54
30-03-2022,2,9:40:54
30-03-2022,2,9:40:58
30-03-2022,1,9:40:58
30-03-2022,1,9:41:15
30-03-2022,1,9:41:19
30-03-2022,2,9:41:20
30-03-2022,2,9:41:26
30-03-2022,1,9:41:30
30-03-2022,1,9:42:30
30-03-2022,1,9:42:32
30-03-2022,1,9:42:36
30-03-2022,0,9:42:38
30-03-2022,1,9:44:15
30-03-2022,3,9:44:16
30-03-2022,1,9:44:17
30-03-2022,0,9:44:21
30-03-2022,1,9:44:33
30-03-2022,1,9:44:35
30-03-2022,3,9:44:43
30-03-2022,3,9:44:48
30-03-2022,0,9:44:51
30-03-2022,2,9:45:07
30-03-2022,4,9:45:12
30-03-2022,1,9:45:16
30-03-2022,1,9:45:24
30-03-2022,0,9:45:28
30-03-2022,1,9:45:31
30-03-2022,4,9:45:33
30-03-2022,1,9:45:35
30-03-2022,5,9:45:36
30-03-2022,1,9:45:44
30-03-2022,3,9:45:47
30-03-2022,1,9:45:47
30-03-2022,1,9:45:49
30-03-2022,0,9:45:55
30-03-2022,3,9:46:54
30-03-2022,3,9:47:01
30-03-2022,2,9:47:03
30-03-2022,5,9:50:18
30-03-2022,5,9:50:54
30-03-2022,6,9:52:17
30-03-2022,3,9:52:25
30-03-2022,1,10:08:23
30-03-2022,1,10:08:25
30-03-2022,1,10:11:51
30-03-2022,0,10:11:56
30-03-2022,1,10:37:39
30-03-2022,0,10:37:44
30-03-2022,3,11:11:53
30-03-2022,1,11:12:03
30-03-2022,1,11:12:22
30-03-2022,1,11:23:11
30-03-2022,0,11:23:14
30-03-2022,1,11:23:18
30-03-2022,1,11:23:28
30-03-2022,1,11:28:41
30-03-2022,6,11:28:42
30-03-2022,1,11:28:47
30-03-2022,1,11:28:59
30-03-2022,5,11:29:03
30-03-2022,1,11:32:42
30-03-2022,1,11:32:56
30-03-2022,1,11:33:09
30-03-2022,3,11:33:16
30-03-2022,2,11:44:50
30-03-2022,3,11:44:56
30-03-2022,2,11:46:36
30-03-2022,2,11:47:01
30-03-2022,4,11:51:12
30-03-2022,4,11:51:18
30-03-2022,5,11:51:48
30-03-2022,3,11:52:54
30-03-2022,3,11:52:58
30-03-2022,3,11:53:03
30-03-2022,2,11:53:07
30-03-2022,1,12:10:59
30-03-2022,1,12:11:30
30-03-2022,1,12:13:55
30-03-2022,0,12:14:01
30-03-2022,1,12:29:34
30-03-2022,1,12:29:43
30-03-2022,3,12:29:44
30-03-2022,1,12:30:10
30-03-2022,0,12:30:14
30-03-2022,1,12:30:41
30-03-2022,3,12:30:43
30-03-2022,1,12:31:02
30-03-2022,2,12:31:05
30-03-2022,1,12:31:08
30-03-2022,2,12:31:10
30-03-2022,1,12:31:20
30-03-2022,1,12:31:39
30-03-2022,1,12:31:53
30-03-2022,0,12:32:05
30-03-2022,1,12:41:30
30-03-2022,2,12:42:02
30-03-2022,1,13:02:21
30-03-2022,4,13:02:22
30-03-2022,5,14:38:17
30-03-2022,3,14:38:55
30-03-2022,1,14:39:16
30-03-2022,3,14:39:21
30-03-2022,1,14:39:40
30-03-2022,3,14:39:46
30-03-2022,1,14:51:34
30-03-2022,4,14:51:38
30-03-2022,1,14:51:50
30-03-2022,1,14:52:03
30-03-2022,4,14:52:17
30-03-2022,1,14:52:51
30-03-2022,1,14:52:57
30-03-2022,0,14:53:03
30-03-2022,2,14:53:29
30-03-2022,4,14:53:43
30-03-2022,2,14:53:46
30-03-2022,4,14:53:49
30-03-2022,1,14:54:01
30-03-2022,4,14:54:06
30-03-2022,1,14:57:33
30-03-2022,1,14:57:47
30-03-2022,1,14:57:57
30-03-2022,1,14:58:21
30-03-2022,1,14:58:24
30-03-2022,1,14:58:35
30-03-2022,0,14:58:48
30-03-2022,1,14:59:02
30-03-2022,2,14:59:15
30-03-2022,1,15:00:41
30-03-2022,1,15:00:55
30-03-2022,0,15:00:59
30-03-2022,1,15:01:17
30-03-2022,4,15:01:31
30-03-2022,1,15:01:36
30-03-2022,4,15:01:50
30-03-2022,1,15:02:14
30-03-2022,1,15:02:34
30-03-2022,1,15:02:37
30-03-2022,0,15:03:26
30-03-2022,1,15:03:47
30-03-2022,1,15:03:56
30-03-2022,1,15:04:12
30-03-2022,0,15:04:16
30-03-2022,1,15:13:28
30-03-2022,0,15:13:34
30-03-2022,1,15:17:39
30-03-2022,1,15:17:43
30-03-2022,1,15:17:54
30-03-2022,3,15:18:02
30-03-2022,1,15:18:07
30-03-2022,1,15:18:30
30-03-2022,0,15:18:35
30-03-2022,2,15:41:59
30-03-2022,1,15:42:26
30-03-2022,1,15:50:04
30-03-2022,0,15:50:09
31-03-2022,2,9:43:57
31-03-2022,3,9:44:05
31-03-2022,4,9:44:55
31-03-2022,4,9:45:02
31-03-2022,2,9:45:33
31-03-2022,3,9:58:53
31-03-2022,4,9:59:17
31-03-2022,2,10:01:39
31-03-2022,7,10:09:42
31-03-2022,3,10:12:23
31-03-2022,2,10:25:52
31-03-2022,1,10:26:10
31-03-2022,1,10:28:18
31-03-2022,2,10:28:44
31-03-2022,4,10:30:13
31-03-2022,2,10:30:50
31-03-2022,2,8:56:57
31-03-2022,1,8:57:06
31-03-2022,2,8:57:12
31-03-2022,1,9:00:52
31-03-2022,0,9:01:06
31-03-2022,1,9:01:21
31-03-2022,1,9:01:26
31-03-2022,1,9:01:30
31-03-2022,2,9:01:36
31-03-2022,1,9:01:42
31-03-2022,2,9:02:01
31-03-2022,1,9:02:27
31-03-2022,1,9:02:31
31-03-2022,0,9:02:36
31-03-2022,3,9:28:10
31-03-2022,4,9:28:12
31-03-2022,2,9:28:18
31-03-2022,3,9:28:23
31-03-2022,1,9:28:42
31-03-2022,1,9:29:03
31-03-2022,2,9:29:04
31-03-2022,1,9:29:10
31-03-2022,1,9:29:17
31-03-2022,3,9:29:23
31-03-2022,2,9:30:30
31-03-2022,2,9:31:15
31-03-2022,3,9:31:18
31-03-2022,3,9:32:17
31-03-2022,2,9:32:23
31-03-2022,3,9:32:28
31-03-2022,2,9:32:29
31-03-2022,3,9:32:38
31-03-2022,2,9:32:54
31-03-2022,3,9:33:01
31-03-2022,3,9:33:11
31-03-2022,2,9:33:15
31-03-2022,2,9:33:33
31-03-2022,2,9:33:46
31-03-2022,2,9:34:05
31-03-2022,3,9:34:11
31-03-2022,2,9:34:35
31-03-2022,2,9:34:42
31-03-2022,3,9:35:15
31-03-2022,3,9:35:23
31-03-2022,3,9:35:48
31-03-2022,3,9:35:53
31-03-2022,3,9:35:57
31-03-2022,3,9:36:20
31-03-2022,3,9:36:27
31-03-2022,3,9:36:33
31-03-2022,3,9:36:37
31-03-2022,3,9:36:39
31-03-2022,3,9:36:48
31-03-2022,4,9:37:02
31-03-2022,1,9:38:05
31-03-2022,2,9:38:14
31-03-2022,1,9:38:28
31-03-2022,3,9:38:28
31-03-2022,1,9:38:32
31-03-2022,1,9:38:46
31-03-2022,2,9:38:53
31-03-2022,2,9:38:58
31-03-2022,1,9:39:14
31-03-2022,1,9:39:22
31-03-2022,1,9:39:35
31-03-2022,3,9:39:46
31-03-2022,1,9:39:55
31-03-2022,1,9:40:03
31-03-2022,2,9:40:14
31-03-2022,1,9:40:27
31-03-2022,3,9:40:30
31-03-2022,1,9:40:33
31-03-2022,1,9:40:40
31-03-2022,3,9:40:53
31-03-2022,1,9:42:24
31-03-2022,0,9:42:30
31-03-2022,1,9:42:35
31-03-2022,1,9:42:50
31-03-2022,2,9:43:05
31-03-2022,1,9:43:06
31-03-2022,3,9:43:24
31-03-2022,3,9:43:29
31-03-2022,3,9:43:39
31-03-2022,2,9:43:57
31-03-2022,3,9:44:05
31-03-2022,1,9:44:10
31-03-2022,1,9:44:20
31-03-2022,1,9:44:37
31-03-2022,1,9:44:43
31-03-2022,1,9:44:46
31-03-2022,1,9:44:53
31-03-2022,4,9:44:55
31-03-2022,1,9:46:33
31-03-2022,4,9:46:37
31-03-2022,2,9:46:58
31-03-2022,3,9:47:10
31-03-2022,4,9:47:13
31-03-2022,3,9:47:14
31-03-2022,1,9:47:21
31-03-2022,4,9:47:25
31-03-2022,2,9:47:33
31-03-2022,2,9:47:40
31-03-2022,1,9:47:45
31-03-2022,3,9:47:49
31-03-2022,2,9:47:53
31-03-2022,1,9:48:00
31-03-2022,3,9:48:07
31-03-2022,3,9:48:14
31-03-2022,3,9:48:27
31-03-2022,5,9:48:33
31-03-2022,3,9:48:36
31-03-2022,3,9:48:46
31-03-2022,3,9:48:53
31-03-2022,3,9:49:04
31-03-2022,3,9:49:12
31-03-2022,2,9:49:22
31-03-2022,3,9:56:13
31-03-2022,4,9:56:43
31-03-2022,3,9:56:54
31-03-2022,4,9:57:11
31-03-2022,3,9:57:27
31-03-2022,3,9:57:42
31-03-2022,6,9:57:58
31-03-2022,2,9:58:00
31-03-2022,2,9:58:09
31-03-2022,3,9:58:53
31-03-2022,4,9:59:17
31-03-2022,2,10:01:39
31-03-2022,2,10:01:47
31-03-2022,2,10:01:53
31-03-2022,3,10:02:18
31-03-2022,2,10:02:33
31-03-2022,3,10:03:53
31-03-2022,3,10:04:11
31-03-2022,3,10:04:25
31-03-2022,3,10:05:00
31-03-2022,3,10:06:06
31-03-2022,7,10:09:42
31-03-2022,3,10:12:23
31-03-2022,3,10:14:26
31-03-2022,4,10:15:01
31-03-2022,3,10:15:24
31-03-2022,2,10:17:16
31-03-2022,2,10:26:35
31-03-2022,2,10:26:45
31-03-2022,1,10:26:49
31-03-2022,1,10:27:30
31-03-2022,1,10:28:18
31-03-2022,2,10:29:22
31-03-2022,1,10:30:00
31-03-2022,2,10:30:50
31-03-2022,2,10:30:55
31-03-2022,6,10:32:11
01-04-2022,2,9:56:26
01-04-2022,0,10:09:04
01-04-2022,1,10:36:07
01-04-2022,1,10:38:11
01-04-2022,1,10:38:58
01-04-2022,1,10:40:10
01-04-2022,1,10:40:28
01-04-2022,1,10:41:13
01-04-2022,2,13:10:16
01-04-2022,2,13:11:37
01-04-2022,2,14:19:56
01-04-2022,1,14:20:46
01-04-2022,2,14:29:58
01-04-2022,2,14:30:16
01-04-2022,1,17:55:53
01-04-2022,1,17:56:03
01-04-2022,0,17:56:34
01-04-2022,3,18:19:14
01-04-2022,2,18:19:44
01-04-2022,1,18:20:22
01-04-2022,1,18:20:39
01-04-2022,1,18:21:54
01-04-2022,1,11:21:18
01-04-2022,5,11:21:27
01-04-2022,1,11:21:38
01-04-2022,4,11:22:10
01-04-2022,1,11:22:54
01-04-2022,4,11:23:08
01-04-2022,1,11:23:43
01-04-2022,2,11:24:32
01-04-2022,1,11:25:09
01-04-2022,3,11:25:14
01-04-2022,1,15:39:02
01-04-2022,0,15:39:14
01-04-2022,1,15:45:58
01-04-2022,0,15:46:15
01-04-2022,1,15:47:22
01-04-2022,0,15:47:34
01-04-2022,1,15:48:04
01-04-2022,0,15:48:42
01-04-2022,1,15:54:59
01-04-2022,0,15:55:08
01-04-2022,2,16:00:38
01-04-2022,1,16:01:06
01-04-2022,2,16:01:37
01-04-2022,2,16:01:57
01-04-2022,0,16:02:26
01-04-2022,1,17:24:16
01-04-2022,2,17:24:51
01-04-2022,1,17:25:13
01-04-2022,0,17:25:25
01-04-2022,2,17:51:51
01-04-2022,2,17:51:59
01-04-2022,1,17:54:12
01-04-2022,1,17:54:33
01-04-2022,0,17:55:27
01-04-2022,1,17:57:10
01-04-2022,2,18:03:51
01-04-2022,1,18:04:00
01-04-2022,2,18:04:05
01-04-2022,2,18:13:25
01-04-2022,2,18:14:30
01-04-2022,1,18:16:01
01-04-2022,2,18:16:42
01-04-2022,2,18:17:01
01-04-2022,2,18:17:10
01-04-2022,1,18:17:21
01-04-2022,1,18:18:36
01-04-2022,2,18:18:57
01-04-2022,3,18:19:14
01-04-2022,2,18:19:44
01-04-2022,1,18:20:04
01-04-2022,1,18:20:22
01-04-2022,1,18:24:07
01-04-2022,1,18:24:16
01-04-2022,1,18:25:20
01-04-2022,0,18:26:18
01-04-2022,1,18:26:38
01-04-2022,2,18:27:05
01-04-2022,2,18:27:31
01-04-2022,3,18:28:06
01-04-2022,3,18:28:18
01-04-2022,2,18:28:36
01-04-2022,2,18:29:09
01-04-2022,2,18:29:17
01-04-2022,1,18:30:16
01-04-2022,1,18:31:46
06-04-2022,1,12:49:12
06-04-2022,2,12:49:22
06-04-2022,4,14:31:12
06-04-2022,0,14:31:28
06-04-2022,1,12:43:03
06-04-2022,4,12:43:04
06-04-2022,1,12:44:39
06-04-2022,3,12:44:43
06-04-2022,1,12:45:36
06-04-2022,1,12:45:55
06-04-2022,1,12:46:16
06-04-2022,3,12:46:37
06-04-2022,1,12:46:47
06-04-2022,2,12:47:16
06-04-2022,1,12:47:35
06-04-2022,3,12:47:36
06-04-2022,2,12:48:03
06-04-2022,2,12:48:30
06-04-2022,2,12:48:37
06-04-2022,1,12:49:12
06-04-2022,2,12:49:22
06-04-2022,1,12:49:35
06-04-2022,1,12:49:54
06-04-2022,1,12:50:04
06-04-2022,2,12:50:25
06-04-2022,2,12:51:05
06-04-2022,1,12:51:12
06-04-2022,2,12:51:16
06-04-2022,2,12:51:52
06-04-2022,1,12:52:08
06-04-2022,2,12:52:14
06-04-2022,2,12:52:39
06-04-2022,2,12:53:01
06-04-2022,1,12:53:14
06-04-2022,2,12:53:31
06-04-2022,2,12:53:44
06-04-2022,1,12:53:59
06-04-2022,2,12:54:09
06-04-2022,3,12:54:18
06-04-2022,1,12:54:49
06-04-2022,1,12:55:31
06-04-2022,1,12:55:41
06-04-2022,1,12:55:51
06-04-2022,3,12:56:00
06-04-2022,1,12:56:10
06-04-2022,1,12:56:32
06-04-2022,1,12:56:39
06-04-2022,1,12:57:28
06-04-2022,3,12:58:12
06-04-2022,1,12:58:24
06-04-2022,2,12:58:42
06-04-2022,1,12:58:51
06-04-2022,1,12:58:58
06-04-2022,1,12:59:08
06-04-2022,2,12:59:20
06-04-2022,2,12:59:31
06-04-2022,1,13:00:19
06-04-2022,6,13:00:27
06-04-2022,1,13:00:30
06-04-2022,2,13:01:08
06-04-2022,2,13:01:39
06-04-2022,3,13:01:47
06-04-2022,3,13:01:56
06-04-2022,3,13:02:30
06-04-2022,3,13:03:14
06-04-2022,3,13:03:22
06-04-2022,5,13:04:17
06-04-2022,3,13:04:40
06-04-2022,2,13:05:51
06-04-2022,2,13:06:00
06-04-2022,3,13:06:27
06-04-2022,2,13:06:52
06-04-2022,2,13:07:17
06-04-2022,2,13:07:27
06-04-2022,1,13:07:50
06-04-2022,2,13:07:57
06-04-2022,1,13:09:06
06-04-2022,1,13:09:15
06-04-2022,1,13:10:22
06-04-2022,1,13:10:54
06-04-2022,1,13:11:13
06-04-2022,1,13:11:24
06-04-2022,1,13:11:39
06-04-2022,1,13:12:20
06-04-2022,1,13:12:27
06-04-2022,0,13:13:21
06-04-2022,1,14:27:31
06-04-2022,3,14:27:33
06-04-2022,1,14:30:52
06-04-2022,0,14:31:11
06-04-2022,1,14:32:10
06-04-2022,0,14:32:17
07-04-2022,1,12:17:56
07-04-2022,0,12:18:25
07-04-2022,1,18:17:28
07-04-2022,0,18:17:29
07-04-2022,1,18:17:49
07-04-2022,0,18:17:57
07-04-2022,1,18:19:15
07-04-2022,0,18:19:16
07-04-2022,1,18:19:22
07-04-2022,0,18:19:45
07-04-2022,1,18:20:18
07-04-2022,1,18:20:27
07-04-2022,0,18:20:41
07-04-2022,1,18:21:03
07-04-2022,1,18:21:09
07-04-2022,0,18:21:43
07-04-2022,2,18:24:11
07-04-2022,1,18:24:13
07-04-2022,1,18:25:17
07-04-2022,1,18:25:37
07-04-2022,0,18:25:40
07-04-2022,1,18:27:59
07-04-2022,1,18:28:09
07-04-2022,0,18:28:18
08-04-2022,2,19:07:31
08-04-2022,1,19:08:14
08-04-2022,1,19:16:01
08-04-2022,0,19:16:04
08-04-2022,2,19:20:07
08-04-2022,1,19:20:10
08-04-2022,2,19:21:21
08-04-2022,0,19:21:27
08-04-2022,2,19:33:10
08-04-2022,1,19:33:41
08-04-2022,2,19:34:13
08-04-2022,2,19:34:18
08-04-2022,1,19:50:16
08-04-2022,1,19:50:41
08-04-2022,2,19:51:01
08-04-2022,1,19:51:03
08-04-2022,0,19:51:36
08-04-2022,3,20:43:53
08-04-2022,2,20:47:06
08-04-2022,1,20:47:57
08-04-2022,0,20:48:51
08-04-2022,2,22:25:21
08-04-2022,2,22:25:35
08-04-2022,2,22:26:17
08-04-2022,2,22:26:31
08-04-2022,2,22:26:56
08-04-2022,1,22:27:20
08-04-2022,2,22:31:38
08-04-2022,2,22:31:45
08-04-2022,2,22:32:02
08-04-2022,1,22:32:12
08-04-2022,2,22:32:23
08-04-2022,2,22:32:30
08-04-2022,2,22:32:51
08-04-2022,3,22:32:53
08-04-2022,2,22:32:59
08-04-2022,4,22:33:19
08-04-2022,1,22:36:14
08-04-2022,3,22:36:21
08-04-2022,2,22:36:35
08-04-2022,1,22:36:55
08-04-2022,2,22:41:07
08-04-2022,1,22:41:32
08-04-2022,1,22:42:03
08-04-2022,1,22:43:01
08-04-2022,1,22:43:15
08-04-2022,1,22:43:27
08-04-2022,1,22:44:03
08-04-2022,4,22:44:33
08-04-2022,1,22:44:46
08-04-2022,3,22:45:58
08-04-2022,4,22:50:49
08-04-2022,1,22:50:54
08-04-2022,4,22:51:02
08-04-2022,1,22:51:05
08-04-2022,2,23:04:40
08-04-2022,2,23:05:14
08-04-2022,3,23:10:33
08-04-2022,3,23:11:09
08-04-2022,4,23:16:30
08-04-2022,4,23:16:36
08-04-2022,2,23:16:57
08-04-2022,3,23:17:25
08-04-2022,3,23:18:43
08-04-2022,3,23:18:53
08-04-2022,3,23:19:18
08-04-2022,3,23:19:27
08-04-2022,4,23:20:40
08-04-2022,2,23:32:35
08-04-2022,2,23:33:23
08-04-2022,1,23:33:29
08-04-2022,2,23:33:45
08-04-2022,2,23:47:10
08-04-2022,3,23:47:37
08-04-2022,1,23:47:53
08-04-2022,3,23:48:36
08-04-2022,1,10:28:59
08-04-2022,0,10:29:04
08-04-2022,1,10:29:04
08-04-2022,1,10:29:16
08-04-2022,1,10:40:58
08-04-2022,0,10:41:06
08-04-2022,1,11:09:04
08-04-2022,0,11:09:15
08-04-2022,1,11:51:25
08-04-2022,1,11:52:04
08-04-2022,2,12:21:51
08-04-2022,1,12:22:59
08-04-2022,0,12:23:05
08-04-2022,1,12:23:40
08-04-2022,1,12:23:55
08-04-2022,2,12:33:21
08-04-2022,2,12:33:34
08-04-2022,0,12:36:08
08-04-2022,1,12:44:42
08-04-2022,0,12:46:13
08-04-2022,2,17:45:02
08-04-2022,2,17:45:25
08-04-2022,2,18:52:49
08-04-2022,2,18:53:05
08-04-2022,2,18:53:26
08-04-2022,2,18:53:26
08-04-2022,1,18:53:42
08-04-2022,1,18:54:03
08-04-2022,1,19:08:14
08-04-2022,1,19:08:29
08-04-2022,0,19:08:51
08-04-2022,2,19:21:07
08-04-2022,2,19:21:21
08-04-2022,2,19:22:00
08-04-2022,3,19:22:40
08-04-2022,0,19:22:59
08-04-2022,2,19:26:05
08-04-2022,0,19:26:06
08-04-2022,2,19:26:15
08-04-2022,1,19:26:16
08-04-2022,2,19:26:47
08-04-2022,1,19:26:53
08-04-2022,3,19:27:54
08-04-2022,1,19:28:01
08-04-2022,1,19:31:18
08-04-2022,1,19:31:56
08-04-2022,1,19:32:06
08-04-2022,2,19:32:59
08-04-2022,2,19:33:10
08-04-2022,1,19:33:41
08-04-2022,2,19:34:13
08-04-2022,2,19:34:34
08-04-2022,2,19:34:53
08-04-2022,2,19:35:13
08-04-2022,2,19:35:29
08-04-2022,4,19:36:52
08-04-2022,2,19:48:40
08-04-2022,1,19:48:49
08-04-2022,2,19:49:00
08-04-2022,1,19:49:22
08-04-2022,1,19:49:27
08-04-2022,1,20:16:10
08-04-2022,4,20:16:30
08-04-2022,1,20:16:43
08-04-2022,2,20:17:00
08-04-2022,1,21:16:58
08-04-2022,1,21:17:27
08-04-2022,2,22:23:20
08-04-2022,2,22:23:56
08-04-2022,1,22:24:01
08-04-2022,2,22:24:06
08-04-2022,1,22:24:12
08-04-2022,1,22:24:27
08-04-2022,3,22:59:05
08-04-2022,1,22:59:13
08-04-2022,1,23:00:09
08-04-2022,1,23:00:10
08-04-2022,1,23:00:21
08-04-2022,2,23:00:48
08-04-2022,1,23:01:19
08-04-2022,2,23:02:39
08-04-2022,2,23:02:50
08-04-2022,2,23:02:55
08-04-2022,3,23:02:58
08-04-2022,1,23:03:29
08-04-2022,2,23:04:40
08-04-2022,2,23:05:14
08-04-2022,4,23:08:10
08-04-2022,2,23:10:02
08-04-2022,3,23:10:33
08-04-2022,3,23:11:09
08-04-2022,0,23:14:12
08-04-2022,3,23:14:34
08-04-2022,3,23:14:42
08-04-2022,0,23:14:47
08-04-2022,4,23:22:32
08-04-2022,3,23:22:58
08-04-2022,3,23:23:35
08-04-2022,3,23:23:36
08-04-2022,3,23:24:31
08-04-2022,3,23:24:40
08-04-2022,2,23:25:16
08-04-2022,3,23:25:51
08-04-2022,3,23:26:03
08-04-2022,3,23:26:11
08-04-2022,1,23:26:15
08-04-2022,2,23:31:45
08-04-2022,2,23:32:35
08-04-2022,2,23:33:45
08-04-2022,2,23:33:54
08-04-2022,2,23:34:17
08-04-2022,0,23:34:31
08-04-2022,1,23:34:42
08-04-2022,1,23:35:11
08-04-2022,1,23:36:43
08-04-2022,0,23:36:44
08-04-2022,1,23:37:14
08-04-2022,0,23:37:27
08-04-2022,2,23:41:25
08-04-2022,1,23:41:36
08-04-2022,2,23:42:25
08-04-2022,3,23:43:07
08-04-2022,1,23:43:08
08-04-2022,1,23:43:24
08-04-2022,2,23:54:58
08-04-2022,2,23:55:03
08-04-2022,1,23:55:21
08-04-2022,2,23:56:36
08-04-2022,1,23:57:04
09-04-2022,2,2:06:47
09-04-2022,2,2:07:02
09-04-2022,2,2:07:20
09-04-2022,2,2:12:35
09-04-2022,3,2:12:39
09-04-2022,3,2:13:48
09-04-2022,2,2:14:08
09-04-2022,2,2:26:17
09-04-2022,3,2:27:08
09-04-2022,1,2:27:46
09-04-2022,0,2:27:50
09-04-2022,2,2:31:44
09-04-2022,3,2:32:19
09-04-2022,2,2:35:23
09-04-2022,2,2:35:38
09-04-2022,2,2:35:42
09-04-2022,2,2:35:45
09-04-2022,2,2:35:46
09-04-2022,1,2:35:52
09-04-2022,2,2:35:54
09-04-2022,3,2:36:29
09-04-2022,2,2:36:37
09-04-2022,2,2:36:41
09-04-2022,2,2:40:03
09-04-2022,2,2:40:15
09-04-2022,1,2:40:39
09-04-2022,1,2:40:57
09-04-2022,0,2:41:35
09-04-2022,2,2:43:41
09-04-2022,2,2:44:16
09-04-2022,2,2:44:52
09-04-2022,1,2:45:10
09-04-2022,1,2:45:22
09-04-2022,1,2:45:26
09-04-2022,2,2:46:07
09-04-2022,2,2:46:14
09-04-2022,3,2:46:27
09-04-2022,3,2:47:27
09-04-2022,0,2:47:50
09-04-2022,2,2:48:27
09-04-2022,2,2:49:00
09-04-2022,0,2:49:04
09-04-2022,2,2:49:33
09-04-2022,2,2:49:58
09-04-2022,2,2:50:01
09-04-2022,3,2:50:15
09-04-2022,2,2:50:29
09-04-2022,2,2:50:30
09-04-2022,2,2:50:55
09-04-2022,2,2:50:58
09-04-2022,2,2:51:07
09-04-2022,2,2:51:20
09-04-2022,1,2:51:27
09-04-2022,2,2:51:44
09-04-2022,1,2:51:48
09-04-2022,2,2:51:49
09-04-2022,1,2:52:19
09-04-2022,2,2:53:26
09-04-2022,2,2:53:28
09-04-2022,3,3:10:01
09-04-2022,3,3:10:10
09-04-2022,3,3:10:14
09-04-2022,3,3:10:37
09-04-2022,2,3:11:10
09-04-2022,2,3:11:48
09-04-2022,3,3:11:57
09-04-2022,2,3:12:07
09-04-2022,2,3:12:16
09-04-2022,2,3:13:21
09-04-2022,2,3:13:41
09-04-2022,2,3:13:57
09-04-2022,2,3:14:00
09-04-2022,1,3:14:16
09-04-2022,3,3:14:37
09-04-2022,3,3:14:49
09-04-2022,1,3:14:59
09-04-2022,2,3:25:48
09-04-2022,0,3:25:53
09-04-2022,2,3:28:01
09-04-2022,2,3:28:08
09-04-2022,1,3:28:09
09-04-2022,1,3:29:55
09-04-2022,0,3:30:53
09-04-2022,2,3:31:40
09-04-2022,0,3:32:02
09-04-2022,2,3:32:15
09-04-2022,2,3:32:37
09-04-2022,2,3:32:39
09-04-2022,1,3:32:46
09-04-2022,2,3:32:57
09-04-2022,1,3:33:24
09-04-2022,3,3:34:14
09-04-2022,3,3:34:22
09-04-2022,1,3:34:40
09-04-2022,2,3:34:53
09-04-2022,2,3:35:02
09-04-2022,2,3:35:07
09-04-2022,2,3:35:50
09-04-2022,2,3:36:03
09-04-2022,2,3:36:10
09-04-2022,2,3:36:27
09-04-2022,2,3:36:32
09-04-2022,1,3:36:49
09-04-2022,3,3:37:05
09-04-2022,1,3:37:15
09-04-2022,2,3:37:29
09-04-2022,3,3:38:00
09-04-2022,2,3:38:02
09-04-2022,3,3:38:10
09-04-2022,2,3:38:13
09-04-2022,1,3:43:42
09-04-2022,1,3:43:54
09-04-2022,1,3:44:18
09-04-2022,2,3:44:30
09-04-2022,1,3:44:40
09-04-2022,1,3:44:43
09-04-2022,3,3:44:49
09-04-2022,2,3:44:51
09-04-2022,1,3:45:00
09-04-2022,3,3:45:14
09-04-2022,2,3:45:23
09-04-2022,2,3:46:48
09-04-2022,2,3:46:52
09-04-2022,1,3:47:08
09-04-2022,1,3:47:38
09-04-2022,1,4:13:17
09-04-2022,2,4:13:33
09-04-2022,2,4:32:54
09-04-2022,1,4:33:10
09-04-2022,0,4:33:30
09-04-2022,2,4:34:30
09-04-2022,2,4:35:05
09-04-2022,2,4:35:19
09-04-2022,2,4:35:25
09-04-2022,2,4:35:38
09-04-2022,2,4:35:52
09-04-2022,4,4:39:13
09-04-2022,2,4:50:49
09-04-2022,2,4:51:02
09-04-2022,1,4:52:07
09-04-2022,2,5:05:03
09-04-2022,3,5:05:18
09-04-2022,3,5:05:44
09-04-2022,2,5:06:04
09-04-2022,2,5:06:46
09-04-2022,2,5:07:05
09-04-2022,2,5:07:26
09-04-2022,2,5:07:38
09-04-2022,3,5:09:47
09-04-2022,2,5:14:43
09-04-2022,1,5:14:50
09-04-2022,0,5:14:57
09-04-2022,1,5:15:04
09-04-2022,2,5:15:33
09-04-2022,3,5:16:19
09-04-2022,2,5:17:03
09-04-2022,2,5:17:23
09-04-2022,2,5:19:16
09-04-2022,3,5:22:56
09-04-2022,3,5:23:03
09-04-2022,1,5:23:37
09-04-2022,2,5:24:33
09-04-2022,2,5:25:52
09-04-2022,2,5:26:03
09-04-2022,3,5:26:41
09-04-2022,4,5:26:49
09-04-2022,3,5:28:55
09-04-2022,3,5:29:42
09-04-2022,3,5:30:09
09-04-2022,3,5:31:53
09-04-2022,0,5:33:04
09-04-2022,4,5:39:00
09-04-2022,2,5:39:59
09-04-2022,1,5:41:14
09-04-2022,1,5:43:11
09-04-2022,1,5:43:29
09-04-2022,0,5:45:41
09-04-2022,1,5:46:05
09-04-2022,2,5:46:12
09-04-2022,1,5:46:22
09-04-2022,1,5:46:46
09-04-2022,1,5:47:29
09-04-2022,1,5:47:44
09-04-2022,1,5:47:53
09-04-2022,1,5:48:15
09-04-2022,2,5:49:56
09-04-2022,0,5:50:06
09-04-2022,1,5:50:31
09-04-2022,1,5:50:43
09-04-2022,0,5:51:33
09-04-2022,1,5:54:10
09-04-2022,0,5:54:17
09-04-2022,2,5:58:42
09-04-2022,0,5:59:03
09-04-2022,2,6:02:12
09-04-2022,1,6:03:03
09-04-2022,1,6:04:45
09-04-2022,1,6:04:56
09-04-2022,2,6:06:17
09-04-2022,2,6:25:37
09-04-2022,1,6:25:47
09-04-2022,2,6:25:59
09-04-2022,0,6:26:03
09-04-2022,1,6:27:02
09-04-2022,0,6:27:05
09-04-2022,1,6:29:06
09-04-2022,0,6:30:13
09-04-2022,3,6:30:23
09-04-2022,3,6:30:43
09-04-2022,3,6:30:48
09-04-2022,3,6:30:55
09-04-2022,1,6:30:55
09-04-2022,2,6:32:01
09-04-2022,2,6:32:11
09-04-2022,1,6:32:14
09-04-2022,2,6:38:52
09-04-2022,1,6:39:08
09-04-2022,2,6:39:29
09-04-2022,3,6:43:36
09-04-2022,1,6:44:24
09-04-2022,3,6:44:49
09-04-2022,2,6:45:18
09-04-2022,3,6:45:57
09-04-2022,3,6:46:04
09-04-2022,4,6:47:04
09-04-2022,0,6:47:22
09-04-2022,4,6:48:12
09-04-2022,4,6:50:26
09-04-2022,3,6:50:34
09-04-2022,3,6:52:24
09-04-2022,2,6:54:53
09-04-2022,2,6:55:10
09-04-2022,0,6:55:53
09-04-2022,1,6:57:34
09-04-2022,2,6:57:53
09-04-2022,3,6:59:17
09-04-2022,2,7:01:28
09-04-2022,1,7:03:01
09-04-2022,1,7:03:11
09-04-2022,2,7:05:47
09-04-2022,2,7:06:40
09-04-2022,2,7:06:47
09-04-2022,1,7:07:54
09-04-2022,1,7:08:18
09-04-2022,2,7:08:57
09-04-2022,2,7:09:12
09-04-2022,1,7:10:27
09-04-2022,1,7:10:36
09-04-2022,1,7:12:06
09-04-2022,1,7:12:12
09-04-2022,0,7:12:55
09-04-2022,2,8:13:03
09-04-2022,1,8:13:12
09-04-2022,2,8:14:33
09-04-2022,1,8:14:43
09-04-2022,2,8:19:55
09-04-2022,1,8:20:57
09-04-2022,2,8:31:22
09-04-2022,1,8:32:05
09-04-2022,2,8:35:26
09-04-2022,1,8:35:51
09-04-2022,1,9:00:39
09-04-2022,2,9:00:58
09-04-2022,1,9:10:27
09-04-2022,1,9:10:33
09-04-2022,1,9:11:52
09-04-2022,0,9:11:54
09-04-2022,1,9:14:43
09-04-2022,0,9:14:46
09-04-2022,1,9:15:00
09-04-2022,0,9:15:06
09-04-2022,1,9:21:04
09-04-2022,1,9:21:28
09-04-2022,0,9:21:42
09-04-2022,1,9:24:27
09-04-2022,0,9:24:38
09-04-2022,2,2:06:47
09-04-2022,2,2:07:02
09-04-2022,2,2:07:20
09-04-2022,3,2:11:46
09-04-2022,3,2:12:17
09-04-2022,2,2:12:35
09-04-2022,3,2:12:39
09-04-2022,1,2:15:26
09-04-2022,3,2:15:36
09-04-2022,2,2:17:19
09-04-2022,3,2:17:23
09-04-2022,1,2:20:44
09-04-2022,2,2:21:06
09-04-2022,3,2:22:16
09-04-2022,2,2:31:03
09-04-2022,3,2:31:16
09-04-2022,2,2:31:24
09-04-2022,2,2:31:44
09-04-2022,3,2:32:19
09-04-2022,1,2:33:58
09-04-2022,2,2:34:15
09-04-2022,1,2:34:34
09-04-2022,1,2:34:38
09-04-2022,2,2:35:23
09-04-2022,2,2:35:38
09-04-2022,2,2:35:42
09-04-2022,2,2:35:45
09-04-2022,2,2:35:46
09-04-2022,1,2:35:52
09-04-2022,2,2:35:54
09-04-2022,3,2:36:29
09-04-2022,2,2:36:37
09-04-2022,2,2:36:41
09-04-2022,2,2:48:27
09-04-2022,2,2:49:00
09-04-2022,0,2:49:04
09-04-2022,2,2:49:33
09-04-2022,2,2:49:58
09-04-2022,2,2:50:01
09-04-2022,3,2:50:15
09-04-2022,2,2:50:29
09-04-2022,2,2:50:30
09-04-2022,2,2:50:55
09-04-2022,2,2:50:58
09-04-2022,2,2:51:07
09-04-2022,2,2:51:20
09-04-2022,1,2:51:27
09-04-2022,1,2:52:52
09-04-2022,3,2:53:06
09-04-2022,1,2:53:09
09-04-2022,2,2:53:26
09-04-2022,2,2:53:28
09-04-2022,1,2:53:37
09-04-2022,3,2:53:45
09-04-2022,1,2:55:43
09-04-2022,1,2:55:55
09-04-2022,1,2:56:01
09-04-2022,2,2:56:02
09-04-2022,1,2:56:16
09-04-2022,3,2:56:26
09-04-2022,1,2:57:13
09-04-2022,1,2:57:52
09-04-2022,1,2:57:58
09-04-2022,2,2:58:23
09-04-2022,2,2:58:25
09-04-2022,3,2:58:33
09-04-2022,1,2:58:57
09-04-2022,2,2:59:03
09-04-2022,1,2:59:40
09-04-2022,1,3:00:01
09-04-2022,1,3:00:14
09-04-2022,1,3:00:14
09-04-2022,1,3:00:30
09-04-2022,1,3:00:45
09-04-2022,1,3:00:50
09-04-2022,1,3:01:00
09-04-2022,1,3:01:14
09-04-2022,1,3:01:16
09-04-2022,1,3:01:45
09-04-2022,1,3:02:05
09-04-2022,1,3:02:12
09-04-2022,1,3:02:12
09-04-2022,3,3:02:22
09-04-2022,1,3:02:33
09-04-2022,4,3:03:01
09-04-2022,2,3:03:02
09-04-2022,2,3:03:11
09-04-2022,2,3:03:14
09-04-2022,3,3:04:21
09-04-2022,3,3:05:04
09-04-2022,1,3:05:27
09-04-2022,1,3:05:39
09-04-2022,1,3:05:54
09-04-2022,3,3:06:03
09-04-2022,3,3:06:20
09-04-2022,2,3:06:33
09-04-2022,4,3:06:55
09-04-2022,2,3:07:06
09-04-2022,2,3:07:38
09-04-2022,2,3:07:47
09-04-2022,2,3:08:03
09-04-2022,3,3:11:57
09-04-2022,2,3:12:07
09-04-2022,2,3:13:41
09-04-2022,2,3:13:57
09-04-2022,2,3:14:00
09-04-2022,1,3:14:16
09-04-2022,3,3:14:37
09-04-2022,3,3:14:49
09-04-2022,1,3:14:59
09-04-2022,1,3:15:48
09-04-2022,2,3:15:53
09-04-2022,2,3:16:03
09-04-2022,3,3:17:09
09-04-2022,3,3:17:35
09-04-2022,3,3:17:48
09-04-2022,1,3:18:23
09-04-2022,1,3:18:37
09-04-2022,1,3:18:53
09-04-2022,1,3:19:01
09-04-2022,3,3:19:28
09-04-2022,2,3:19:51
09-04-2022,2,3:20:10
09-04-2022,3,3:20:31
09-04-2022,1,3:20:43
09-04-2022,2,3:21:06
09-04-2022,2,3:21:07
09-04-2022,3,3:21:39
09-04-2022,3,3:21:59
09-04-2022,1,3:22:02
09-04-2022,3,3:22:53
09-04-2022,2,3:23:00
09-04-2022,2,3:23:17
09-04-2022,2,3:23:20
09-04-2022,2,3:23:26
09-04-2022,1,3:23:35
09-04-2022,3,3:23:40
09-04-2022,0,3:23:44
09-04-2022,3,3:23:50
09-04-2022,1,3:23:56
09-04-2022,3,3:24:06
09-04-2022,1,3:24:28
09-04-2022,1,3:24:29
09-04-2022,1,3:24:38
09-04-2022,1,3:24:55
09-04-2022,1,3:25:37
09-04-2022,2,3:26:36
09-04-2022,2,3:26:46
09-04-2022,2,3:26:51
09-04-2022,1,3:27:08
09-04-2022,2,3:27:11
09-04-2022,1,3:27:30
09-04-2022,1,3:28:25
09-04-2022,1,3:29:14
09-04-2022,1,3:29:33
09-04-2022,1,3:29:33
09-04-2022,1,3:29:55
09-04-2022,2,3:32:39
09-04-2022,1,3:32:46
09-04-2022,1,3:33:24
09-04-2022,1,3:33:29
09-04-2022,3,3:37:05
09-04-2022,1,3:37:15
09-04-2022,3,3:38:00
09-04-2022,2,3:38:02
09-04-2022,3,3:38:10
09-04-2022,2,3:38:13
09-04-2022,1,3:42:10
09-04-2022,1,3:42:14
09-04-2022,1,3:42:18
09-04-2022,1,3:42:36
09-04-2022,1,3:42:38
09-04-2022,2,3:43:00
09-04-2022,1,3:58:31
09-04-2022,1,3:59:00
09-04-2022,1,4:00:09
09-04-2022,2,4:00:35
09-04-2022,1,4:06:49
09-04-2022,0,4:07:09
09-04-2022,3,4:30:02
09-04-2022,1,4:30:12
09-04-2022,0,4:30:42
09-04-2022,1,4:30:53
09-04-2022,1,4:31:04
09-04-2022,0,4:31:10
09-04-2022,1,4:31:15
09-04-2022,1,4:31:27
09-04-2022,0,4:31:59
09-04-2022,4,4:39:13
09-04-2022,4,4:39:27
09-04-2022,4,4:39:32
09-04-2022,2,4:39:57
09-04-2022,3,4:41:00
09-04-2022,2,4:41:45
09-04-2022,0,4:42:11
09-04-2022,2,4:43:10
09-04-2022,2,4:43:19
09-04-2022,2,4:43:36
09-04-2022,2,4:43:46
09-04-2022,2,4:44:10
09-04-2022,2,4:44:28
09-04-2022,2,4:44:38
09-04-2022,2,4:45:31
09-04-2022,2,4:46:04
09-04-2022,3,4:46:31
09-04-2022,0,4:46:38
09-04-2022,2,4:47:07
09-04-2022,3,4:47:32
09-04-2022,0,4:47:32
09-04-2022,2,4:47:52
09-04-2022,2,4:48:46
09-04-2022,2,4:49:11
09-04-2022,4,4:49:37
09-04-2022,1,4:50:17
09-04-2022,0,4:50:48
09-04-2022,2,4:50:49
09-04-2022,2,4:51:02
09-04-2022,1,4:52:07
09-04-2022,2,4:52:50
09-04-2022,2,4:52:58
09-04-2022,2,4:53:26
09-04-2022,3,4:53:34
09-04-2022,3,4:53:44
09-04-2022,1,4:54:03
09-04-2022,1,4:54:10
09-04-2022,2,4:54:39
09-04-2022,0,4:54:42
09-04-2022,1,4:54:50
09-04-2022,1,4:55:00
09-04-2022,0,4:55:03
09-04-2022,3,4:55:42
09-04-2022,3,4:55:53
09-04-2022,3,4:56:42
09-04-2022,2,4:57:01
09-04-2022,3,4:57:10
09-04-2022,3,4:57:20
09-04-2022,3,4:57:31
09-04-2022,3,4:58:22
09-04-2022,4,4:59:49
09-04-2022,1,5:00:22
09-04-2022,1,5:00:44
09-04-2022,1,5:00:53
09-04-2022,1,5:02:15
09-04-2022,2,5:02:42
09-04-2022,2,5:02:51
09-04-2022,2,5:03:23
09-04-2022,1,5:03:32
09-04-2022,3,5:03:42
09-04-2022,2,5:05:03
09-04-2022,3,5:16:19
09-04-2022,3,5:16:49
09-04-2022,2,5:19:16
09-04-2022,1,5:20:40
09-04-2022,1,5:21:58
09-04-2022,1,5:22:17
09-04-2022,3,5:22:56
09-04-2022,4,5:26:49
09-04-2022,3,5:28:55
09-04-2022,1,5:48:15
09-04-2022,2,5:49:56
09-04-2022,1,5:57:39
09-04-2022,1,5:58:11
09-04-2022,2,5:58:42
09-04-2022,3,6:01:49
09-04-2022,2,6:01:57
09-04-2022,2,6:02:12
09-04-2022,1,6:03:03
09-04-2022,1,6:03:25
09-04-2022,1,6:04:45
09-04-2022,2,6:06:17
09-04-2022,1,6:07:04
09-04-2022,2,6:07:33
09-04-2022,2,6:07:46
09-04-2022,2,6:08:01
09-04-2022,2,6:08:12
09-04-2022,2,6:08:51
09-04-2022,1,6:09:05
09-04-2022,2,6:09:10
09-04-2022,1,6:09:24
09-04-2022,2,6:09:32
09-04-2022,2,6:09:38
09-04-2022,2,6:10:38
09-04-2022,2,6:10:49
09-04-2022,2,6:10:56
09-04-2022,2,6:13:47
09-04-2022,2,6:14:10
09-04-2022,2,6:14:17
09-04-2022,2,6:14:30
09-04-2022,2,6:15:10
09-04-2022,2,6:15:16
09-04-2022,2,6:15:24
09-04-2022,2,6:16:12
09-04-2022,2,6:16:36
09-04-2022,2,6:16:48
09-04-2022,2,6:17:38
09-04-2022,2,6:17:56
09-04-2022,2,6:19:08
09-04-2022,2,6:19:27
09-04-2022,2,6:19:55
09-04-2022,2,6:20:37
09-04-2022,2,6:21:16
09-04-2022,2,6:21:29
09-04-2022,2,6:22:04
09-04-2022,2,6:22:11
09-04-2022,1,6:22:26
09-04-2022,1,6:22:34
09-04-2022,0,6:22:39
09-04-2022,2,6:22:48
09-04-2022,1,6:22:53
09-04-2022,1,6:22:57
09-04-2022,2,6:23:20
09-04-2022,0,6:23:21
09-04-2022,1,6:23:50
09-04-2022,1,6:24:09
09-04-2022,1,6:24:19
09-04-2022,1,6:25:04
09-04-2022,0,6:25:26
09-04-2022,2,6:25:37
09-04-2022,1,6:25:47
09-04-2022,2,6:25:59
09-04-2022,0,6:26:03
09-04-2022,3,6:30:23
09-04-2022,3,6:30:43
09-04-2022,3,6:30:48
09-04-2022,3,6:30:55
09-04-2022,1,6:30:55
09-04-2022,2,6:32:01
09-04-2022,2,6:32:11
09-04-2022,1,6:32:14
09-04-2022,1,6:32:32
09-04-2022,2,6:32:39
09-04-2022,0,6:32:46
09-04-2022,1,6:32:58
09-04-2022,2,6:33:03
09-04-2022,1,6:33:23
09-04-2022,1,6:33:33
09-04-2022,0,6:33:49
09-04-2022,1,6:33:51
09-04-2022,3,6:34:11
09-04-2022,1,6:34:21
09-04-2022,2,6:34:34
09-04-2022,0,6:35:52
09-04-2022,3,6:37:59
09-04-2022,0,6:38:05
09-04-2022,2,6:39:29
09-04-2022,2,6:39:37
09-04-2022,2,6:39:49
09-04-2022,1,6:39:57
09-04-2022,0,6:41:45
09-04-2022,2,6:42:43
09-04-2022,0,6:43:19
09-04-2022,3,6:43:36
09-04-2022,1,6:44:24
09-04-2022,3,6:45:57
09-04-2022,3,6:46:04
09-04-2022,0,6:46:28
09-04-2022,4,6:47:04
09-04-2022,0,6:47:22
09-04-2022,4,6:48:12
09-04-2022,4,6:50:26
09-04-2022,3,6:50:34
09-04-2022,3,6:52:24
09-04-2022,3,6:59:17
09-04-2022,2,7:01:28
09-04-2022,1,7:03:01
09-04-2022,1,7:03:11
09-04-2022,1,7:20:33
09-04-2022,1,7:20:49
09-04-2022,0,7:21:20
09-04-2022,2,8:14:33
09-04-2022,1,8:14:43
09-04-2022,1,8:15:20
09-04-2022,0,8:15:28
09-04-2022,1,8:15:36
09-04-2022,1,8:15:54
09-04-2022,1,8:20:57
09-04-2022,1,8:21:15
09-04-2022,1,8:22:10
09-04-2022,1,8:22:26
09-04-2022,2,8:22:38
09-04-2022,0,8:22:55
09-04-2022,2,8:23:29
09-04-2022,1,8:23:34
09-04-2022,1,8:23:51
09-04-2022,1,8:24:00
09-04-2022,1,8:24:08
09-04-2022,1,8:24:20
09-04-2022,0,8:25:07
09-04-2022,1,8:25:12
09-04-2022,1,8:25:19
09-04-2022,1,8:25:33
09-04-2022,0,8:25:46
09-04-2022,1,8:27:42
09-04-2022,0,8:27:51
09-04-2022,2,8:28:22
09-04-2022,0,8:28:36
09-04-2022,1,8:32:55
09-04-2022,1,8:33:08
09-04-2022,1,8:33:20
09-04-2022,1,8:33:41
09-04-2022,1,8:34:40
09-04-2022,1,8:37:34
09-04-2022,1,8:37:45
09-04-2022,0,8:38:32
09-04-2022,1,8:38:39
09-04-2022,0,8:38:52
09-04-2022,1,8:39:46
09-04-2022,1,8:40:06
09-04-2022,1,8:40:12
09-04-2022,2,8:40:26
09-04-2022,1,8:40:27
09-04-2022,1,8:41:01
09-04-2022,0,8:41:54
09-04-2022,1,8:42:08
09-04-2022,2,8:42:09
09-04-2022,1,8:42:27
09-04-2022,0,8:42:30
09-04-2022,1,8:44:33
09-04-2022,0,8:44:50
09-04-2022,1,8:46:09
09-04-2022,1,8:46:29
09-04-2022,1,8:46:39
09-04-2022,0,8:46:43
09-04-2022,1,8:46:49
09-04-2022,1,8:47:09
09-04-2022,1,8:47:42
09-04-2022,1,8:48:04
09-04-2022,1,8:48:06
09-04-2022,1,8:49:01
09-04-2022,2,8:49:08
09-04-2022,1,8:51:38
09-04-2022,2,8:51:52
09-04-2022,1,8:52:19
09-04-2022,0,8:52:29
09-04-2022,1,8:53:05
09-04-2022,1,8:53:13
09-04-2022,2,8:53:17
09-04-2022,1,8:53:20
09-04-2022,0,8:53:44
09-04-2022,2,8:55:12
09-04-2022,0,8:55:24
09-04-2022,1,8:56:22
09-04-2022,2,8:56:23
09-04-2022,1,8:57:57
09-04-2022,1,8:58:04
09-04-2022,1,8:58:15
09-04-2022,1,8:58:23
09-04-2022,1,8:58:30
09-04-2022,1,8:58:43
09-04-2022,1,8:59:21
09-04-2022,1,8:59:27
09-04-2022,1,8:59:39
09-04-2022,1,8:59:51
09-04-2022,1,9:06:31
09-04-2022,2,9:06:55
09-04-2022,1,9:09:27
09-04-2022,1,9:09:44
09-04-2022,1,9:09:56
09-04-2022,3,9:10:03
09-04-2022,2,9:10:16
09-04-2022,1,9:10:20
09-04-2022,2,9:10:38
09-04-2022,1,9:10:47
09-04-2022,1,9:10:53
09-04-2022,1,9:11:08
09-04-2022,1,9:11:35
09-04-2022,1,9:11:52
09-04-2022,1,9:15:15
09-04-2022,1,9:15:21
09-04-2022,1,9:15:57
09-04-2022,2,9:16:10
09-04-2022,1,9:16:25
09-04-2022,1,9:16:39
09-04-2022,1,9:16:45
09-04-2022,1,9:16:55
09-04-2022,1,9:17:51
09-04-2022,1,9:17:52
09-04-2022,1,9:18:17
09-04-2022,1,9:18:28
09-04-2022,2,9:18:40
09-04-2022,2,9:18:53
09-04-2022,3,9:18:55
09-04-2022,1,9:25:05
09-04-2022,1,9:25:51
09-04-2022,1,9:53:36
09-04-2022,0,9:53:52
09-04-2022,2,17:52:58
09-04-2022,1,17:53:06
11-04-2022,2,9:30:37
11-04-2022,3,9:30:48
11-04-2022,2,9:37:00
11-04-2022,1,9:37:04
11-04-2022,6,9:54:46
11-04-2022,6,9:54:49
11-04-2022,6,9:54:56
11-04-2022,3,10:02:27
11-04-2022,2,10:02:34
11-04-2022,1,8:33:38
11-04-2022,1,8:33:47
11-04-2022,2,8:52:39
11-04-2022,1,8:52:47
12-04-2022,6,12:33:33
12-04-2022,4,12:34:52
12-04-2022,4,13:00:33
12-04-2022,2,13:01:24
12-04-2022,4,15:23:49
12-04-2022,3,15:24:48
12-04-2022,3,15:25:14
12-04-2022,3,15:26:05
12-04-2022,5,15:28:00
12-04-2022,4,15:28:16
12-04-2022,2,15:28:58
12-04-2022,3,15:36:32
12-04-2022,4,15:37:07
12-04-2022,4,15:38:04
12-04-2022,3,15:38:27
12-04-2022,2,15:38:42
12-04-2022,2,15:54:50
12-04-2022,2,15:55:04
12-04-2022,4,16:01:02
12-04-2022,3,16:01:27
12-04-2022,3,16:02:25
12-04-2022,4,16:03:07
12-04-2022,5,16:04:39
12-04-2022,3,16:04:56
12-04-2022,4,16:09:02
12-04-2022,3,16:09:12
12-04-2022,4,17:09:02
12-04-2022,3,17:09:15
12-04-2022,2,17:57:28
12-04-2022,2,17:57:57
12-04-2022,4,18:20:52
12-04-2022,2,18:21:42
12-04-2022,3,19:25:53
12-04-2022,2,19:26:03
12-04-2022,1,9:41:14
12-04-2022,1,9:41:16
12-04-2022,2,9:46:31
12-04-2022,5,9:51:23
12-04-2022,1,12:51:23
12-04-2022,1,12:51:28
12-04-2022,1,12:51:29
12-04-2022,1,12:51:47
12-04-2022,3,12:52:12
12-04-2022,2,12:52:41
12-04-2022,2,12:52:47
12-04-2022,5,12:52:48
12-04-2022,2,12:52:52
12-04-2022,2,12:52:58
12-04-2022,2,12:53:02
12-04-2022,1,12:53:28
12-04-2022,2,12:53:44
12-04-2022,5,12:53:46
12-04-2022,2,12:54:08
12-04-2022,5,12:54:27
12-04-2022,2,12:56:04
12-04-2022,2,12:56:10
12-04-2022,1,12:56:17
12-04-2022,1,12:56:32
12-04-2022,2,12:56:42
12-04-2022,2,12:56:45
12-04-2022,1,12:56:52
12-04-2022,2,12:57:00
12-04-2022,0,12:57:12
12-04-2022,1,12:58:43
12-04-2022,0,12:58:50
12-04-2022,2,12:59:08
12-04-2022,2,12:59:12
12-04-2022,5,12:59:16
12-04-2022,1,12:59:42
12-04-2022,4,12:59:49
12-04-2022,4,15:10:33
12-04-2022,3,15:10:46
12-04-2022,2,15:10:55
12-04-2022,3,15:24:48
12-04-2022,3,15:25:14
12-04-2022,1,19:53:20
12-04-2022,2,19:53:27
13-04-2022,3,12:51:51
13-04-2022,1,12:55:53
13-04-2022,2,20:57:19
13-04-2022,1,20:57:25
14-04-2022,4,18:21:49
14-04-2022,4,18:22:08
14-04-2022,2,18:24:55
14-04-2022,2,18:24:59
14-04-2022,3,18:25:09
14-04-2022,2,18:25:34
14-04-2022,2,18:25:37
14-04-2022,2,18:25:46
14-04-2022,4,18:26:11
14-04-2022,1,0:01:46
14-04-2022,1,0:01:51
14-04-2022,1,0:02:14
14-04-2022,1,0:02:27
15-04-2022,2,23:16:05
15-04-2022,1,23:16:14
16-04-2022,2,4:37:22
16-04-2022,2,4:37:28
16-04-2022,2,4:37:32
16-04-2022,2,4:39:26
16-04-2022,2,4:39:50
16-04-2022,2,4:40:04
16-04-2022,2,4:40:12
16-04-2022,2,4:40:35
16-04-2022,2,4:41:12
16-04-2022,2,4:41:22
16-04-2022,2,4:41:30
16-04-2022,2,4:41:55
16-04-2022,2,4:42:03
16-04-2022,2,4:43:59
16-04-2022,2,4:44:07
16-04-2022,2,4:44:13
16-04-2022,1,4:44:32
16-04-2022,2,4:46:00
16-04-2022,2,4:46:10
16-04-2022,1,4:48:52
16-04-2022,1,4:48:58
16-04-2022,2,5:00:40
16-04-2022,2,5:00:51
16-04-2022,2,5:01:50
16-04-2022,2,5:02:19
16-04-2022,3,5:02:38
16-04-2022,1,5:02:59
16-04-2022,2,5:03:02
16-04-2022,2,5:03:32
16-04-2022,2,5:04:02
16-04-2022,2,5:04:31
16-04-2022,2,5:04:45
16-04-2022,2,5:04:57
16-04-2022,2,5:05:00
16-04-2022,2,5:05:05
16-04-2022,2,5:05:14
16-04-2022,2,5:07:58
16-04-2022,3,5:08:15
16-04-2022,3,5:08:19
16-04-2022,3,5:08:25
16-04-2022,1,5:08:31
16-04-2022,3,5:13:45
16-04-2022,3,5:13:50
16-04-2022,3,5:13:54
16-04-2022,3,5:14:11
16-04-2022,3,5:14:18
16-04-2022,2,5:14:23
16-04-2022,1,5:23:02
16-04-2022,1,5:23:09
16-04-2022,1,5:23:14
16-04-2022,3,5:35:06
16-04-2022,3,5:35:09
16-04-2022,1,5:35:18
16-04-2022,3,5:35:23
16-04-2022,1,5:35:35
16-04-2022,2,5:36:08
16-04-2022,2,5:36:12
16-04-2022,3,5:43:43
16-04-2022,2,5:44:03
16-04-2022,2,5:54:43
16-04-2022,2,5:54:49
16-04-2022,1,5:54:53
16-04-2022,4,6:14:22
16-04-2022,3,6:14:32
16-04-2022,2,7:57:36
16-04-2022,1,7:57:45
16-04-2022,2,7:59:52
16-04-2022,1,7:59:56
16-04-2022,1,9:21:43
16-04-2022,1,9:21:51
16-04-2022,2,9:59:06
16-04-2022,2,9:59:14
16-04-2022,1,2:55:23
16-04-2022,1,2:55:33
16-04-2022,2,3:15:15
16-04-2022,1,3:15:18
16-04-2022,2,3:16:05
16-04-2022,1,3:16:11
16-04-2022,2,3:44:06
16-04-2022,2,3:44:36
16-04-2022,3,3:45:50
16-04-2022,2,3:45:54
16-04-2022,2,3:59:42
16-04-2022,2,3:59:44
16-04-2022,2,3:59:58
16-04-2022,3,4:11:25
16-04-2022,1,4:11:39
16-04-2022,1,4:23:37
16-04-2022,1,4:23:47
16-04-2022,1,4:23:58
16-04-2022,1,4:24:55
16-04-2022,1,4:25:03
16-04-2022,1,4:25:14
16-04-2022,3,8:47:13
16-04-2022,1,8:47:24
16-04-2022,1,8:47:40
16-04-2022,2,8:47:45
16-04-2022,1,8:48:02
16-04-2022,1,8:48:06
16-04-2022,1,8:48:25
16-04-2022,2,8:54:50
16-04-2022,1,8:55:06
16-04-2022,2,9:00:59
16-04-2022,1,9:01:10
16-04-2022,1,9:02:15
16-04-2022,0,9:02:25
16-04-2022,1,9:55:15
16-04-2022,0,9:55:22
16-04-2022,5,10:49:33
16-04-2022,2,10:49:49
18-04-2022,3,10:04:54
18-04-2022,3,10:12:50
18-04-2022,3,10:16:17
18-04-2022,5,10:16:31
18-04-2022,1,10:16:32
18-04-2022,7,10:18:26
18-04-2022,1,10:21:15
18-04-2022,5,10:38:20
18-04-2022,5,10:38:32
18-04-2022,5,10:38:40
18-04-2022,6,10:41:35
18-04-2022,1,10:41:53
18-04-2022,6,10:43:07
18-04-2022,2,10:43:09
18-04-2022,6,12:16:57
18-04-2022,1,12:17:00
18-04-2022,5,12:27:25
18-04-2022,0,12:27:33
18-04-2022,3,12:28:34
18-04-2022,1,12:28:47
18-04-2022,3,17:27:10
18-04-2022,1,17:28:30
18-04-2022,3,17:35:05
18-04-2022,1,17:35:19
18-04-2022,2,17:35:24
18-04-2022,3,17:35:29
18-04-2022,0,21:43:09
18-04-2022,1,22:18:51
18-04-2022,2,22:19:14
18-04-2022,1,22:19:59
18-04-2022,0,22:20:13
18-04-2022,1,22:48:07
18-04-2022,0,22:49:09
18-04-2022,1,22:52:16
18-04-2022,1,22:52:32
18-04-2022,0,22:53:25
18-04-2022,2,23:03:38
18-04-2022,1,23:04:28
18-04-2022,3,23:16:20
18-04-2022,1,23:16:36
18-04-2022,1,23:22:17
18-04-2022,0,23:22:55
18-04-2022,2,23:34:57
18-04-2022,3,23:35:42
18-04-2022,1,23:36:41
18-04-2022,1,23:36:47
19-04-2022,2,0:17:28
19-04-2022,2,0:17:52
19-04-2022,1,0:24:04
19-04-2022,0,0:24:27
19-04-2022,1,1:37:45
19-04-2022,1,1:38:36
19-04-2022,1,1:38:45
19-04-2022,1,1:39:05
19-04-2022,1,1:39:15
19-04-2022,3,1:39:45
19-04-2022,2,1:42:13
19-04-2022,2,1:42:21
19-04-2022,2,1:42:33
19-04-2022,2,1:42:45
19-04-2022,1,9:18:30
19-04-2022,1,9:18:42
19-04-2022,1,9:18:50
19-04-2022,1,9:18:58
19-04-2022,1,9:19:26
19-04-2022,1,9:19:34
19-04-2022,0,9:20:08
19-04-2022,2,9:39:57
19-04-2022,3,9:41:48
19-04-2022,2,9:42:34
19-04-2022,3,9:42:43
19-04-2022,0,9:43:03
19-04-2022,4,9:48:07
19-04-2022,0,9:48:27
19-04-2022,1,9:49:30
19-04-2022,0,9:49:33
19-04-2022,3,9:52:03
19-04-2022,0,9:52:41
19-04-2022,1,9:53:05
19-04-2022,0,9:53:12
19-04-2022,1,9:53:30
19-04-2022,0,9:53:38
19-04-2022,4,10:41:19
19-04-2022,3,10:42:02
19-04-2022,2,10:43:16
19-04-2022,3,10:52:31
19-04-2022,3,10:52:47
19-04-2022,3,10:53:08
19-04-2022,2,10:53:14
19-04-2022,0,10:55:06
19-04-2022,4,10:56:41
19-04-2022,0,11:37:17
19-04-2022,7,11:49:41
19-04-2022,6,11:50:33
19-04-2022,6,11:50:50
19-04-2022,6,11:50:58
19-04-2022,6,11:52:36
19-04-2022,0,11:54:35
19-04-2022,6,11:54:53
19-04-2022,7,11:57:44
19-04-2022,6,12:03:55
19-04-2022,0,12:04:57
19-04-2022,6,12:06:33
19-04-2022,6,12:07:26
19-04-2022,6,12:09:46
19-04-2022,1,14:50:54
19-04-2022,0,14:51:00
20-04-2022,1,9:22:53
20-04-2022,0,9:22:58
20-04-2022,1,9:47:38
20-04-2022,0,9:47:43
20-04-2022,1,17:45:04
20-04-2022,1,17:45:06
20-04-2022,4,17:55:46
20-04-2022,2,17:56:37
20-04-2022,2,17:56:42
20-04-2022,2,17:56:57
20-04-2022,2,17:57:16
20-04-2022,2,17:58:05
20-04-2022,2,17:58:09
20-04-2022,2,17:58:28
20-04-2022,2,17:58:49
20-04-2022,1,17:59:01
20-04-2022,2,18:17:32
20-04-2022,2,18:17:47
20-04-2022,5,18:46:35
20-04-2022,2,18:46:40
20-04-2022,1,23:14:44
20-04-2022,1,23:15:16
20-04-2022,1,23:15:34
20-04-2022,1,23:16:38
20-04-2022,1,23:17:04
20-04-2022,1,23:17:22
20-04-2022,1,23:17:43
20-04-2022,1,23:19:02
20-04-2022,1,23:19:33
20-04-2022,1,23:21:31
20-04-2022,1,23:21:47
21-04-2022,1,12:18:13
21-04-2022,1,12:18:29
21-04-2022,1,12:18:46
21-04-2022,1,12:19:04
21-04-2022,1,12:19:20
22-04-2022,2,9:22:22
22-04-2022,1,9:22:47
22-04-2022,2,9:23:12
22-04-2022,2,9:23:31
22-04-2022,1,9:23:49
22-04-2022,1,8:49:15
22-04-2022,1,8:49:43
22-04-2022,1,8:51:21
22-04-2022,0,8:51:44
22-04-2022,1,8:52:51
22-04-2022,1,8:53:10
22-04-2022,1,8:53:46
22-04-2022,2,9:06:16
22-04-2022,1,9:06:45
22-04-2022,2,9:07:42
22-04-2022,1,9:08:05
22-04-2022,2,9:10:49
22-04-2022,1,9:11:11
22-04-2022,1,18:14:54
22-04-2022,0,18:15:04
23-04-2022,2,8:51:05
23-04-2022,0,8:51:08
23-04-2022,1,8:52:46
23-04-2022,0,8:52:56
23-04-2022,4,13:03:21
23-04-2022,3,13:04:20
23-04-2022,5,13:30:10
23-04-2022,4,13:30:25
23-04-2022,3,14:39:14
23-04-2022,1,14:39:51
23-04-2022,1,14:40:08
23-04-2022,2,14:40:11
23-04-2022,5,14:45:49
23-04-2022,2,14:45:59
23-04-2022,3,14:46:45
23-04-2022,3,14:47:08
23-04-2022,3,14:47:47
23-04-2022,1,14:53:20
23-04-2022,0,14:54:07
23-04-2022,1,14:54:32
23-04-2022,1,14:54:50
23-04-2022,3,14:54:58
23-04-2022,1,14:55:10
23-04-2022,3,14:55:33
23-04-2022,1,14:55:36
23-04-2022,1,14:55:54
23-04-2022,2,14:55:59
23-04-2022,1,14:56:56
23-04-2022,2,14:57:02
23-04-2022,2,14:57:39
23-04-2022,2,14:58:00
23-04-2022,0,14:58:19
23-04-2022,3,15:05:07
23-04-2022,2,15:05:31
23-04-2022,2,15:07:04
23-04-2022,3,15:07:22
23-04-2022,3,15:07:45
23-04-2022,2,15:07:56
23-04-2022,2,15:37:09
23-04-2022,2,15:37:23
23-04-2022,2,19:57:49
23-04-2022,2,19:58:16
23-04-2022,1,19:58:37
23-04-2022,2,20:01:04
23-04-2022,2,20:01:36
23-04-2022,2,20:01:45
23-04-2022,1,20:04:45
23-04-2022,1,20:05:01
23-04-2022,2,20:05:45
23-04-2022,0,20:06:56
23-04-2022,1,20:22:39
23-04-2022,1,20:22:53
23-04-2022,3,20:23:15
23-04-2022,3,20:23:40
23-04-2022,2,20:24:04
23-04-2022,3,20:24:47
23-04-2022,2,20:25:08
23-04-2022,2,3:01:49
23-04-2022,1,3:02:17
23-04-2022,1,8:06:57
23-04-2022,1,8:07:33
23-04-2022,1,14:43:10
23-04-2022,0,14:43:39
23-04-2022,1,15:10:55
23-04-2022,3,15:11:28
23-04-2022,2,15:17:45
23-04-2022,1,15:18:01
23-04-2022,1,15:18:19
23-04-2022,1,15:18:39
23-04-2022,1,15:18:43
25-04-2022,5,12:34:23
25-04-2022,2,12:35:42
25-04-2022,3,12:36:51
25-04-2022,2,12:38:33
25-04-2022,3,12:40:16
25-04-2022,3,12:40:56
25-04-2022,1,13:10:24
25-04-2022,1,13:10:43
25-04-2022,1,13:11:04
25-04-2022,1,13:11:24
25-04-2022,0,13:12:52
25-04-2022,3,13:32:12
25-04-2022,4,13:32:39
25-04-2022,3,13:33:12
25-04-2022,3,13:34:24
25-04-2022,2,13:34:46
25-04-2022,3,13:36:08
25-04-2022,2,13:36:35
25-04-2022,2,13:37:54
25-04-2022,1,13:38:01
25-04-2022,2,14:07:42
25-04-2022,1,14:07:58
25-04-2022,2,14:10:04
25-04-2022,1,14:10:06
25-04-2022,1,14:10:25
25-04-2022,1,14:10:43
25-04-2022,2,14:10:47
25-04-2022,2,14:10:59
25-04-2022,1,14:11:01
25-04-2022,2,14:11:41
25-04-2022,0,14:11:41
25-04-2022,2,14:11:57
25-04-2022,3,14:11:57
25-04-2022,1,14:12:13
25-04-2022,1,14:12:22
25-04-2022,2,14:13:00
25-04-2022,4,14:13:07
25-04-2022,4,14:24:41
25-04-2022,2,14:24:54
25-04-2022,2,16:10:21
25-04-2022,2,16:13:12
25-04-2022,3,16:17:50
25-04-2022,1,16:17:51
25-04-2022,1,16:37:27
25-04-2022,4,16:37:33
25-04-2022,4,16:40:42
25-04-2022,0,16:40:48
25-04-2022,3,16:43:01
25-04-2022,1,16:43:13
25-04-2022,3,16:43:20
25-04-2022,3,16:43:35
25-04-2022,5,16:56:44
25-04-2022,2,16:57:26
25-04-2022,4,16:58:45
25-04-2022,2,16:59:20
25-04-2022,5,17:09:23
25-04-2022,1,17:09:27
25-04-2022,5,17:09:42
25-04-2022,2,17:10:40
25-04-2022,4,17:13:06
25-04-2022,2,17:13:26
25-04-2022,3,17:21:54
25-04-2022,2,17:22:05
25-04-2022,2,17:22:10
25-04-2022,1,17:22:32
25-04-2022,4,17:23:40
25-04-2022,3,17:24:01
25-04-2022,2,17:26:18
25-04-2022,4,17:26:22
25-04-2022,3,17:26:46
25-04-2022,1,17:32:45
25-04-2022,4,17:34:18
25-04-2022,3,17:48:44
25-04-2022,3,17:48:53
25-04-2022,5,17:54:34
25-04-2022,2,17:54:45
25-04-2022,4,18:11:21
25-04-2022,3,18:12:42
25-04-2022,3,18:13:29
25-04-2022,0,18:13:31
25-04-2022,3,18:16:24
25-04-2022,1,18:16:35
25-04-2022,2,18:17:25
25-04-2022,3,18:17:30
25-04-2022,1,18:18:04
25-04-2022,3,18:18:08
25-04-2022,3,18:23:48
25-04-2022,1,18:25:03
25-04-2022,3,18:26:04
25-04-2022,3,18:28:08
25-04-2022,0,23:00:08
25-04-2022,0,23:00:09
27-04-2022,3,11:44:14
27-04-2022,2,11:44:14
27-04-2022,3,11:44:44
27-04-2022,1,11:44:52
27-04-2022,4,11:46:21
27-04-2022,3,11:46:39
27-04-2022,4,11:46:42
27-04-2022,1,11:46:49
27-04-2022,3,11:49:18
27-04-2022,0,11:49:54
27-04-2022,4,11:50:03
27-04-2022,2,11:50:11
27-04-2022,2,11:55:45
27-04-2022,4,11:57:14
27-04-2022,3,12:00:55
27-04-2022,5,12:01:16
27-04-2022,4,12:01:21
27-04-2022,4,12:01:38
27-04-2022,2,12:06:52
27-04-2022,1,12:07:12
27-04-2022,2,12:08:31
27-04-2022,1,12:08:57
27-04-2022,3,12:10:52
27-04-2022,2,12:11:29
27-04-2022,1,7:00:43
27-04-2022,1,7:01:18
27-04-2022,1,9:21:43
27-04-2022,0,9:22:16
27-04-2022,2,9:34:12
27-04-2022,1,9:34:44
27-04-2022,0,9:35:06
27-04-2022,1,10:00:33
27-04-2022,2,10:01:02
27-04-2022,3,12:08:01
27-04-2022,2,12:08:31
28-04-2022,2,9:20:52
28-04-2022,1,9:20:57
28-04-2022,2,12:02:38
28-04-2022,4,12:02:51
28-04-2022,1,12:49:47
28-04-2022,7,12:49:57
28-04-2022,1,12:50:07
28-04-2022,5,12:50:14
28-04-2022,3,14:26:16
28-04-2022,2,14:26:23
28-04-2022,3,14:26:38
28-04-2022,1,14:27:02
28-04-2022,1,14:28:05
28-04-2022,3,14:28:05
28-04-2022,3,14:32:21
28-04-2022,4,14:32:41
28-04-2022,3,14:33:54
28-04-2022,0,14:34:21
28-04-2022,2,14:37:51
28-04-2022,3,14:38:14
28-04-2022,3,14:38:39
28-04-2022,0,14:38:52
28-04-2022,2,14:41:46
28-04-2022,4,14:41:52
28-04-2022,2,14:49:31
28-04-2022,3,14:49:43
28-04-2022,3,14:49:49
28-04-2022,4,14:49:52
28-04-2022,1,15:06:51
28-04-2022,1,15:07:13
28-04-2022,2,15:07:18
28-04-2022,1,15:07:31
28-04-2022,4,15:07:35
28-04-2022,2,19:08:07
28-04-2022,1,19:08:47
28-04-2022,4,19:09:43
28-04-2022,0,19:09:46
28-04-2022,2,19:13:40
28-04-2022,2,19:14:14
28-04-2022,1,19:16:53
28-04-2022,4,19:31:24
28-04-2022,2,19:31:50
28-04-2022,2,19:32:56
28-04-2022,1,19:34:24
28-04-2022,1,20:46:52
28-04-2022,1,20:47:34
28-04-2022,1,11:16:20
28-04-2022,1,11:16:50
28-04-2022,5,15:23:46
28-04-2022,4,15:23:48
28-04-2022,4,15:25:59
28-04-2022,5,15:26:07
28-04-2022,4,15:26:19
28-04-2022,3,15:26:50
28-04-2022,4,15:27:13
28-04-2022,4,15:27:34
28-04-2022,1,15:27:56
28-04-2022,3,16:08:45
28-04-2022,2,16:08:52
28-04-2022,2,17:23:13
28-04-2022,1,17:24:18
28-04-2022,3,19:42:23
28-04-2022,2,19:43:43
28-04-2022,2,19:43:53
28-04-2022,3,19:49:44
28-04-2022,6,19:50:07
01-05-2022,2,8:45:43
01-05-2022,2,8:46:10
01-05-2022,1,8:46:32
01-05-2022,1,8:48:49
01-05-2022,1,8:49:11
02-05-2022,1,9:40:26
02-05-2022,5,9:40:26
02-05-2022,1,9:40:50
02-05-2022,5,9:40:53
02-05-2022,1,9:13:33
02-05-2022,4,9:13:37
02-05-2022,1,9:14:00
02-05-2022,2,9:14:13
02-05-2022,1,9:14:45
02-05-2022,3,9:15:01
02-05-2022,2,9:20:30
02-05-2022,4,9:20:42
02-05-2022,2,9:21:01
02-05-2022,4,9:21:05
02-05-2022,1,9:22:03
02-05-2022,7,9:22:04
02-05-2022,2,14:44:58
02-05-2022,3,14:45:01
02-05-2022,2,14:46:27
02-05-2022,3,14:46:32
02-05-2022,1,14:47:29
02-05-2022,2,14:47:35
02-05-2022,1,14:49:37
02-05-2022,1,14:49:45
02-05-2022,2,14:52:42
02-05-2022,1,14:52:46
03-05-2022,1,8:58:19
03-05-2022,3,8:58:25
03-05-2022,1,9:00:42
03-05-2022,4,9:00:45
03-05-2022,1,22:25:28
03-05-2022,1,22:25:53
03-05-2022,1,22:26:54
03-05-2022,1,22:27:21
03-05-2022,2,22:27:45
03-05-2022,1,22:28:05
03-05-2022,1,22:28:35
03-05-2022,2,22:45:43
03-05-2022,1,22:45:53
03-05-2022,2,22:46:06
03-05-2022,3,22:46:34
03-05-2022,3,22:46:59
03-05-2022,2,22:47:20
03-05-2022,1,23:06:42
03-05-2022,0,23:06:43
03-05-2022,1,23:07:01
03-05-2022,1,23:07:08
04-05-2022,2,2:41:14
04-05-2022,1,2:41:44
04-05-2022,1,9:05:30
04-05-2022,1,9:05:41
04-05-2022,1,9:17:14
04-05-2022,1,9:17:47
04-05-2022,5,10:05:02
04-05-2022,3,10:05:30
04-05-2022,2,4:46:19
04-05-2022,2,4:46:44
04-05-2022,1,4:47:21
04-05-2022,2,4:54:05
04-05-2022,1,4:54:31
04-05-2022,3,6:52:58
04-05-2022,2,6:53:18
04-05-2022,3,6:59:39
04-05-2022,2,7:00:03
04-05-2022,2,7:09:03
04-05-2022,1,7:09:24
04-05-2022,2,8:14:16
04-05-2022,1,8:14:36
04-05-2022,1,8:20:16
04-05-2022,1,8:20:39
04-05-2022,1,8:21:27
04-05-2022,1,8:21:56
04-05-2022,1,8:31:12
04-05-2022,1,8:31:43
04-05-2022,1,8:33:10
04-05-2022,2,8:33:33
04-05-2022,1,8:35:00
04-05-2022,1,8:35:27
04-05-2022,1,8:41:51
04-05-2022,1,8:42:16
04-05-2022,2,8:48:26
04-05-2022,1,8:48:31
04-05-2022,2,8:48:59
04-05-2022,2,8:49:21
04-05-2022,1,8:50:30
04-05-2022,2,8:50:37
04-05-2022,1,8:51:43
04-05-2022,1,8:51:44
04-05-2022,2,8:52:09
04-05-2022,0,8:52:30
04-05-2022,1,8:53:04
04-05-2022,0,8:53:27
04-05-2022,1,8:56:39
04-05-2022,1,8:57:03
04-05-2022,4,9:09:39
04-05-2022,0,9:09:43
04-05-2022,2,9:10:40
04-05-2022,1,9:10:53
04-05-2022,5,10:40:39
04-05-2022,3,10:40:59
04-05-2022,4,10:55:18
04-05-2022,4,10:55:38
04-05-2022,3,10:56:04
04-05-2022,1,11:17:44
04-05-2022,1,11:18:15
06-05-2022,4,12:05:40
06-05-2022,4,12:05:42
06-05-2022,6,12:40:14
06-05-2022,2,12:40:15
06-05-2022,6,13:13:10
06-05-2022,0,13:14:10
06-05-2022,6,14:14:12
06-05-2022,4,14:14:38
06-05-2022,4,14:17:59
06-05-2022,2,14:18:19
06-05-2022,6,14:35:58
06-05-2022,5,14:36:27
06-05-2022,5,13:28:46
06-05-2022,2,13:28:46
06-05-2022,5,14:41:42
06-05-2022,1,14:41:53
06-05-2022,5,14:42:06
06-05-2022,0,14:42:06
06-05-2022,4,20:17:28
06-05-2022,2,20:17:57
06-05-2022,4,20:21:32
06-05-2022,4,20:21:55
06-05-2022,4,20:22:14
06-05-2022,0,20:22:39
07-05-2022,3,3:14:34
07-05-2022,3,3:14:59
07-05-2022,2,3:15:19
07-05-2022,2,4:19:14
07-05-2022,1,4:19:43
07-05-2022,4,8:33:43
07-05-2022,1,8:33:44
07-05-2022,2,9:00:14
07-05-2022,2,9:00:33
07-05-2022,4,11:49:03
07-05-2022,3,11:49:40
07-05-2022,3,15:21:38
07-05-2022,3,15:21:38
07-05-2022,4,17:02:58
07-05-2022,2,17:03:10
07-05-2022,1,17:53:38
07-05-2022,4,17:53:57
07-05-2022,2,18:00:21
07-05-2022,1,18:00:29
07-05-2022,4,18:02:12
07-05-2022,3,18:02:40
07-05-2022,2,18:02:41
07-05-2022,3,18:03:02
07-05-2022,2,18:03:12
07-05-2022,1,18:04:30
07-05-2022,2,18:04:46
07-05-2022,1,18:04:50
07-05-2022,2,18:04:56
07-05-2022,2,18:05:25
07-05-2022,3,18:05:46
07-05-2022,4,18:05:46
07-05-2022,2,18:05:49
07-05-2022,2,18:06:11
07-05-2022,3,18:06:33
07-05-2022,0,18:06:50
07-05-2022,2,18:06:56
07-05-2022,2,18:07:06
07-05-2022,3,18:14:45
07-05-2022,4,18:14:52
07-05-2022,2,18:44:41
07-05-2022,1,18:44:45
07-05-2022,2,18:45:03
07-05-2022,3,18:46:03
07-05-2022,5,19:27:19
07-05-2022,3,19:27:40
07-05-2022,2,20:19:13
07-05-2022,1,20:19:34
07-05-2022,2,20:23:32
07-05-2022,3,20:23:58
07-05-2022,2,20:24:45
07-05-2022,3,20:38:23
07-05-2022,2,20:38:47
07-05-2022,1,20:39:09
07-05-2022,1,20:40:41
07-05-2022,2,20:41:07
07-05-2022,3,20:51:26
07-05-2022,2,20:51:42
07-05-2022,2,21:34:54
07-05-2022,2,21:35:30
07-05-2022,2,21:49:03
07-05-2022,1,21:49:42
07-05-2022,3,3:28:57
07-05-2022,3,3:29:18
07-05-2022,2,3:29:41
07-05-2022,2,5:15:50
07-05-2022,2,5:15:55
07-05-2022,3,5:48:13
07-05-2022,2,5:48:13
07-05-2022,3,8:39:01
07-05-2022,1,8:39:09
07-05-2022,3,8:44:18
07-05-2022,1,8:44:47
07-05-2022,1,8:45:02
07-05-2022,1,8:45:28
07-05-2022,2,8:45:53
07-05-2022,2,8:45:54
07-05-2022,2,13:39:08
07-05-2022,4,13:39:23
07-05-2022,6,15:55:37
07-05-2022,3,15:55:49
07-05-2022,1,17:00:51
07-05-2022,1,17:01:20
07-05-2022,4,19:26:25
07-05-2022,3,19:26:56
07-05-2022,3,21:04:16
07-05-2022,2,21:04:28
08-05-2022,2,9:36:24
08-05-2022,1,9:36:26
08-05-2022,2,9:39:44
08-05-2022,2,9:39:51
08-05-2022,1,9:47:53
08-05-2022,2,9:48:10
08-05-2022,2,13:24:56
08-05-2022,1,13:25:08
09-05-2022,3,23:09:52
09-05-2022,2,23:10:13
09-05-2022,2,23:11:05
09-05-2022,4,23:11:11
09-05-2022,3,23:11:35
09-05-2022,4,23:11:40
09-05-2022,3,23:11:59
09-05-2022,6,23:12:04
09-05-2022,4,23:29:01
09-05-2022,3,23:29:22
09-05-2022,2,8:50:54
09-05-2022,3,8:50:57
09-05-2022,2,8:51:33
09-05-2022,2,8:51:55
09-05-2022,1,8:52:09
09-05-2022,1,8:52:29
09-05-2022,2,8:52:39
09-05-2022,2,8:52:56
09-05-2022,1,8:53:00
09-05-2022,1,8:53:43
09-05-2022,1,8:54:15
09-05-2022,2,8:56:10
09-05-2022,2,8:56:15
09-05-2022,1,8:56:42
09-05-2022,3,8:56:56
09-05-2022,2,8:57:11
09-05-2022,2,8:57:16
09-05-2022,1,9:01:04
09-05-2022,2,9:01:07
09-05-2022,1,15:37:27
09-05-2022,4,15:37:40
09-05-2022,3,15:39:46
09-05-2022,6,15:39:53
09-05-2022,2,15:40:10
09-05-2022,5,15:40:16
09-05-2022,2,15:42:47
09-05-2022,4,15:43:10
09-05-2022,2,15:55:48
09-05-2022,4,15:55:52
09-05-2022,3,16:00:19
09-05-2022,3,16:00:31
09-05-2022,2,16:32:15
09-05-2022,2,16:32:20
09-05-2022,2,16:35:55
09-05-2022,6,16:36:05
09-05-2022,1,16:44:27
09-05-2022,0,16:44:35
09-05-2022,1,16:44:59
09-05-2022,2,16:45:00
09-05-2022,1,16:45:42
09-05-2022,2,16:45:46
09-05-2022,1,16:46:04
09-05-2022,2,16:46:08
09-05-2022,2,16:46:27
09-05-2022,1,16:46:49
09-05-2022,2,16:54:47
09-05-2022,3,16:54:50
09-05-2022,1,17:06:12
09-05-2022,0,17:06:44
09-05-2022,1,17:15:09
09-05-2022,3,17:15:33
09-05-2022,3,23:14:26
09-05-2022,1,23:14:28
09-05-2022,3,23:14:50
09-05-2022,2,23:14:57
10-05-2022,2,3:54:57
10-05-2022,3,3:54:59
10-05-2022,3,4:27:45
10-05-2022,2,4:27:49
10-05-2022,3,4:39:24
10-05-2022,3,4:40:00
10-05-2022,2,4:42:15
10-05-2022,5,4:42:32
10-05-2022,3,5:12:01
10-05-2022,2,5:12:28
10-05-2022,2,5:47:09
10-05-2022,4,5:47:12
10-05-2022,3,6:13:41
10-05-2022,3,6:13:53
10-05-2022,1,6:52:04
10-05-2022,4,6:52:13
10-05-2022,2,9:21:15
10-05-2022,4,9:21:20
10-05-2022,2,9:22:36
10-05-2022,3,9:22:39
10-05-2022,1,9:23:01
10-05-2022,2,9:23:25
10-05-2022,1,16:15:07
10-05-2022,2,16:15:36
10-05-2022,1,16:16:05
10-05-2022,1,16:16:06
10-05-2022,2,16:16:16
10-05-2022,1,16:16:31
10-05-2022,1,16:17:00
10-05-2022,3,16:17:15
10-05-2022,1,16:25:25
10-05-2022,2,16:25:30
10-05-2022,1,16:26:27
10-05-2022,1,16:26:53
10-05-2022,4,16:27:11
10-05-2022,2,16:27:18
10-05-2022,3,16:28:44
10-05-2022,3,16:36:38
10-05-2022,6,16:36:43
10-05-2022,3,16:38:21
10-05-2022,3,16:38:31
10-05-2022,2,16:38:48
10-05-2022,8,16:38:53
10-05-2022,2,16:39:11
10-05-2022,8,16:39:17
10-05-2022,2,16:40:43
10-05-2022,4,16:40:46
10-05-2022,3,16:41:16
10-05-2022,5,16:41:19
10-05-2022,3,16:41:59
10-05-2022,5,16:42:11
10-05-2022,2,16:44:21
10-05-2022,5,16:44:27
10-05-2022,2,16:46:57
10-05-2022,6,16:47:15
10-05-2022,2,16:47:37
10-05-2022,6,16:47:56
10-05-2022,1,16:48:10
10-05-2022,5,16:48:29
10-05-2022,1,16:48:38
10-05-2022,6,16:49:17
10-05-2022,1,16:53:19
10-05-2022,4,16:53:29
10-05-2022,2,17:23:02
10-05-2022,5,17:23:22
10-05-2022,1,17:43:53
10-05-2022,3,17:44:23
10-05-2022,3,18:24:11
10-05-2022,2,18:24:51
10-05-2022,2,18:25:13
10-05-2022,1,18:25:47
10-05-2022,2,19:07:01
10-05-2022,3,19:07:05
10-05-2022,3,19:08:53
10-05-2022,2,19:09:15
10-05-2022,3,19:09:28
10-05-2022,4,19:15:09
10-05-2022,1,19:15:42
10-05-2022,1,19:21:06
10-05-2022,1,19:21:17
10-05-2022,3,19:26:00
10-05-2022,2,19:26:23
10-05-2022,2,19:27:10
10-05-2022,1,19:27:28
10-05-2022,1,19:27:36
10-05-2022,1,19:28:01
10-05-2022,2,19:57:22
10-05-2022,2,19:57:26
10-05-2022,2,20:18:51
10-05-2022,1,20:19:03
10-05-2022,3,20:34:52
10-05-2022,3,20:35:18
10-05-2022,1,20:35:24
10-05-2022,3,21:10:16
10-05-2022,2,21:10:44
10-05-2022,2,21:34:34
10-05-2022,2,21:35:30
10-05-2022,3,21:41:43
10-05-2022,3,21:41:58
10-05-2022,2,21:42:32
10-05-2022,2,21:42:39
10-05-2022,1,21:43:05
10-05-2022,0,21:43:05
10-05-2022,2,21:44:42
10-05-2022,2,21:46:02
10-05-2022,2,3:59:12
10-05-2022,3,3:59:24
10-05-2022,1,8:49:57
10-05-2022,3,8:50:11
10-05-2022,1,8:50:19
10-05-2022,0,8:50:41
10-05-2022,2,15:32:36
10-05-2022,1,15:33:03
10-05-2022,3,16:42:33
10-05-2022,4,16:43:18
10-05-2022,2,16:56:15
10-05-2022,5,16:56:41
10-05-2022,2,21:09:19
10-05-2022,2,21:09:43
10-05-2022,3,21:10:16
10-05-2022,2,21:48:17
10-05-2022,2,21:48:42
10-05-2022,0,21:49:14
10-05-2022,2,22:14:57
10-05-2022,2,22:15:09
11-05-2022,2,9:22:23
11-05-2022,1,9:22:35
11-05-2022,2,8:39:16
11-05-2022,2,8:39:18
11-05-2022,1,8:53:04
11-05-2022,2,8:53:29
11-05-2022,4,9:09:36
11-05-2022,2,9:10:09
11-05-2022,1,9:10:36
11-05-2022,1,9:11:43
11-05-2022,3,9:11:44
11-05-2022,1,9:27:59
11-05-2022,5,9:28:10
11-05-2022,1,9:28:38
11-05-2022,5,9:28:41
11-05-2022,2,9:29:08
11-05-2022,4,9:29:22
11-05-2022,1,9:29:34
11-05-2022,5,9:29:37
11-05-2022,2,9:42:05
11-05-2022,2,9:42:29
12-05-2022,2,9:25:37
12-05-2022,1,9:25:38
12-05-2022,1,9:26:25
12-05-2022,2,9:26:32
12-05-2022,2,9:29:27
12-05-2022,3,9:29:38
12-05-2022,1,9:34:55
12-05-2022,1,9:35:19
12-05-2022,1,9:35:33
12-05-2022,1,9:35:57
12-05-2022,2,8:40:27
12-05-2022,3,8:40:28
12-05-2022,1,8:41:54
12-05-2022,1,8:42:25
12-05-2022,1,8:42:54
12-05-2022,1,8:44:10
12-05-2022,1,8:44:10
12-05-2022,1,8:47:27
12-05-2022,1,8:47:35
12-05-2022,1,8:54:46
12-05-2022,1,8:55:15
12-05-2022,2,9:01:26
12-05-2022,3,9:01:31
12-05-2022,1,9:03:07
12-05-2022,1,9:03:35
12-05-2022,2,9:04:00
12-05-2022,1,9:04:16
12-05-2022,1,9:44:44
12-05-2022,1,9:44:49
13-05-2022,2,9:48:12
13-05-2022,1,9:48:23
13-05-2022,2,11:25:55
13-05-2022,1,11:25:58
13-05-2022,1,11:27:14
13-05-2022,3,11:27:28
13-05-2022,2,11:28:37
13-05-2022,2,11:28:48
13-05-2022,3,11:29:23
13-05-2022,0,11:29:30
13-05-2022,2,11:29:51
13-05-2022,1,11:29:58
13-05-2022,2,11:30:30
13-05-2022,2,11:30:56
13-05-2022,2,11:31:11
13-05-2022,1,11:31:19
13-05-2022,1,11:32:42
13-05-2022,2,11:32:59
13-05-2022,1,11:33:11
13-05-2022,1,11:33:17
13-05-2022,1,11:33:38
13-05-2022,0,11:33:54
13-05-2022,2,11:34:04
13-05-2022,1,11:34:27
13-05-2022,2,11:34:31
13-05-2022,0,11:34:36
13-05-2022,2,11:35:06
13-05-2022,1,11:35:31
13-05-2022,2,11:35:57
13-05-2022,4,11:36:18
13-05-2022,1,11:39:55
13-05-2022,5,11:40:00
13-05-2022,1,9:10:52
13-05-2022,2,9:10:56
13-05-2022,1,9:11:26
13-05-2022,2,9:11:27
13-05-2022,1,9:13:58
13-05-2022,1,9:14:04
13-05-2022,2,9:28:24
13-05-2022,0,9:28:33
13-05-2022,2,9:28:49
13-05-2022,2,9:29:15
13-05-2022,1,9:29:43
14-05-2022,2,9:21:18
14-05-2022,2,9:21:56
14-05-2022,3,9:22:02
14-05-2022,1,12:29:27
14-05-2022,1,12:29:34
14-05-2022,1,12:29:54
14-05-2022,0,12:29:59
14-05-2022,1,8:59:26
14-05-2022,2,8:59:30
14-05-2022,2,9:08:38
14-05-2022,2,9:09:01
14-05-2022,1,9:10:12
14-05-2022,4,9:10:13
14-05-2022,1,9:11:05
14-05-2022,5,9:11:08
